FEAT_NAME,WEIGHT
000,-0.014302062117140718
aaron,0.001933213608498198
abandoned,0.010842523239015916
ability,-0.0016482344526638235
able,0.011864178730318236
aboard,0.00960435127124715
abruptly,-0.006993247193911616
absence,0.012630342509432414
absolutely,-0.006780134056725898
absurd,-0.0019927394668806525
accept,0.004351592048711386
accepted,-0.011717615003077175
access,0.016630651925025813
accident,0.003205410641757475
accompanied,-0.01983086335601632
according,-0.028912550910380103
account,0.013320382909052427
accustomed,-0.012339860234266095
act,0.005834454412945801
acted,0.0029252163565402782
acting,-0.0002940549335389857
action,0.01554132751400775
actual,0.013214190893626137
actually,-0.004895968792685249
adam,0.003036389760047876
add,-0.00979000168456417
added,0.03280147442038611
address,0.008160805639543573
addressed,0.007355462890767204
admiration,0.0008845269689975069
admit,-0.011283065273307465
admitted,0.0014099887141559304
advance,0.0017501320546646716
advanced,0.00026863110521726385
advantage,0.0027587051632798295
adventure,-0.00111690281425335
advice,-0.0059643565008985966
affair,0.008928944739055394
affairs,0.01238581407127108
affection,0.008271240497111719
afford,0.009958830301610136
afraid,-0.017110518260228014
afternoon,0.0015778561049743756
afterward,-0.004340770841241231
age,-0.016560458138260736
aged,-0.005893762785143034
agent,-0.0010571352999791445
ago,0.008667989990976234
agony,0.01120899120999781
agree,0.003414200355375982
agreed,-0.008589229856245698
agreement,0.022610195934824648
ah,-0.0159708630374798
ahead,0.012669459663187091
ai,-0.010777721894053318
aid,-0.004455210154228341
ain,-0.012087331865972866
air,0.016937783310921353
alarm,0.004328058332967369
alert,0.0011876980510958598
alex,0.00647471046666585
alexander,-0.0035573803985604153
alice,0.0011155406839327773
alive,0.03358401267479296
alley,0.0015901302597339556
allow,-0.005849151443237514
allowed,-0.01463917623177114
aloud,0.012515511204825854
altogether,0.00022672248584764394
america,0.0034728903085648032
american,-0.0011106093943821318
americans,0.0013993099569267215
amused,-0.0018438037424776481
amusement,0.002465821525971358
amy,-0.009609467252782906
ancient,-0.0033841169304013683
andrew,-0.005835932709873644
angel,-0.0038850608527067096
anger,-0.0007771633138486246
angle,0.002272359561458132
angrily,0.010712043309188918
angry,0.0005045867271580288
animal,0.0056699922081627
animals,-0.014214363765149859
ann,-9.881862609186534e-05
anna,0.0006824812229887802
anne,0.00149154844375255
annie,0.005373040330205145
announced,-0.005209137799904777
annoyed,-0.009240291645296033
answer,0.018723738903580568
answered,-0.009721836643500823
answering,0.006392729068839895
answers,0.0008125223170759589
anthony,-0.00033858481855100975
anxiety,-0.003915098826473334
anxious,-0.00348677152945511
anybody,0.013680796826581555
anymore,0.00933153994277047
apart,0.004174128098137263
apartment,0.01039188617163011
apparent,0.001242090184086985
apparently,0.0047594656786595375
appeal,0.00418595618071132
appear,-0.009471345207224388
appearance,0.006245835785012414
appeared,-0.001443024236924852
apple,0.003785466558765074
appreciate,-0.011795844400953683
approach,0.002662248808416196
approached,-0.009916984076175589
approaching,0.0058649081429781
area,0.003039063952179011
aren,0.0087757469350805
argument,0.001526386546213903
arm,0.03442119122447582
armed,0.007527914752111895
arms,0.03265971377703312
army,-0.004670858242654755
arose,-0.01369357490603329
arranged,-0.003395099710519298
arrest,0.02401977441037595
arrival,-0.020948311659027753
arrive,0.01555209827985968
arrived,-0.01562616036084946
art,-0.005277129168138769
arthur,0.0019286839269626753
artist,0.004186579312888553
ashamed,0.016270079544087455
aside,-0.006691356096252158
ask,0.0031042084872257413
asked,0.05871660159310912
asking,0.006098402097904059
asleep,0.03549637489309189
ass,0.0024039656825468954
assistant,-0.016871833926553916
assume,-0.016556663449727976
assumed,-0.009478578417890585
assured,-0.015505738295132665
astonished,-0.012819609118786747
astonishment,0.005723323031364961
ate,-0.01257726837374284
atmosphere,-0.0031963032775114936
attached,0.009114410173521928
attack,0.014323837325796401
attempt,0.0033819436524162726
attend,0.01396682833296548
attention,-0.002736801249787161
attitude,0.006005750117375757
attorney,0.008460475429061597
attractive,-0.006986582390321223
audience,-0.001964374852814085
august,-0.0038682943823350265
augustus,-0.004310275850099092
aunt,0.001504335037352872
author,-0.0069826419108851194
authority,-0.003301029816967147
available,0.020486672272124373
avenue,0.004202730652756312
avoid,0.011734591158251604
awake,0.004753047698312432
aware,-0.02535359615508032
away,0.053507406508655805
awful,0.02509979975423122
awkward,-0.0024541298500934503
baby,0.005191107448824536
backed,-0.004141077668586806
background,0.0052107969540798205
backward,0.01682528076398412
bad,-0.011360215845069523
badly,0.016892584682466523
bag,0.0052859123290210485
balance,0.01704616333582008
ball,0.013499526196888267
band,-0.002459675018676649
bank,-0.01092133162761018
banks,-0.00040980518693688964
bar,0.003247498229106163
barbara,-0.0004079718406601754
bare,0.00022114958781820822
barely,0.000676255942605705
barn,0.004706103052216946
barney,0.011362016169515337
barrel,0.001366196930504249
bars,0.0002498200268241009
base,0.009968494393559752
basket,0.018949759884663273
bastard,0.009467874052922973
bath,0.020038626660234107
bathroom,0.009154313690223926
battle,0.006776445734164499
bay,0.008638826056011302
beach,0.019118499642041747
bear,0.011941812593326199
beard,-0.0041720290440459525
bearing,0.007506692351829549
beast,-0.002689773113658553
beat,0.004473550802914
beaten,0.012182052675804723
beating,0.00547515654496293
beautiful,-0.004545341996329988
beauty,-0.01475896013085613
bed,0.021191860872656756
bedroom,0.0008916804558948717
beer,0.009310697016095758
beg,-0.029058911307961927
began,0.002280183591645174
begged,-0.007844264485872129
begin,0.0011902735609927088
beginning,-0.0037839788139430127
begun,0.0072025649037163785
belief,0.00096936962860246
believe,-0.001970563502327292
believed,0.004864260694904729
bell,-0.0054420121521287146
belly,-0.001242935322408486
belong,0.01142819045464485
belonged,0.010958235263659008
belt,0.011912997248001208
ben,-0.00247741966856979
bench,0.004275961943904903
bend,-0.006723143415219027
beneath,0.01960610390614266
bent,-0.01636064783162697
bernard,-0.01051934352187333
best,0.012316284778986915
bet,-0.009187673741871837
beth,0.001854474138245794
better,0.019374234630432502
betty,-0.004822418391692215
big,-0.020332575994662268
bigger,-0.01450897744326137
bills,0.014275047591437069
billy,-0.0006207884652287354
bird,-0.0021023360018412223
birds,0.0103826753558886
birth,-0.001411213033614645
bishop,-0.012625777070936829
bit,0.007250897031088919
bitch,0.0072887916384716395
bite,-0.009740634914642367
bits,0.010556259445748608
bitter,0.015631632052798817
bitterly,0.010855138404378668
black,-0.0010635283952016717
blade,0.004357796810874254
blame,0.0026839966329128546
blank,-0.0027869911618097223
blanket,0.0029619931152055773
blew,-0.00752463696306177
blind,0.014918159738059952
blinked,-0.013138018542612569
block,0.00277998264970134
blocks,0.0014402668020594197
blond,-0.019759950551984845
blood,0.02436055700077077
bloody,0.0029146087824987493
blow,0.013181519487024977
blowing,-0.0004614650668135324
blue,-0.0022722220474133098
board,0.0049162571026766565
boat,0.012373784689280194
boats,0.0022805324066460997
bob,-0.0009069343166198708
bodies,0.008249003597495265
body,0.002653536714229767
bone,-0.005255391144377615
bones,0.0091121667270622
bony,-0.004739094417358887
book,0.0011452779435446032
books,0.007220268480853894
boots,0.013325377347682202
bore,0.003608834085270934
bored,0.007448227016623772
born,-0.0348718155315195
boss,0.005190301126029236
boston,0.003805296159716379
bother,-0.010590979604551515
bottle,0.013376930268279127
bottles,0.02154555407419519
bought,-0.01530126415264826
bound,0.012610971357591623
bow,-0.001970549163230857
bowed,0.005854870896690618
bowl,0.015283656269245105
box,0.01879593947650111
boxes,-0.004328908118752785
boy,-0.01932079890224592
boys,-0.015462637162041661
brain,0.005587431684231146
branch,0.003130471428763077
branches,0.003930295770689572
brass,-0.0043716815102929655
brave,0.004679351339629202
bread,-0.008655773023463023
break,0.012445990804305859
breakfast,-0.003038829160237872
breaking,0.020489487618557848
breast,0.014240209449347204
breasts,0.003359266831568956
breath,0.009122091150664337
breathed,0.002299321430141065
breathing,0.021903349411726974
breeze,0.0008507276338997448
brian,-0.006745178756643958
brick,0.005838131093309516
bridge,0.009227171105152346
brief,-0.007994365429570736
briefly,0.00803931436774605
bright,0.0034107202584831853
brilliant,-0.00981065050453936
bring,0.019734643685726964
bringing,-0.01072162731362076
british,-0.00599823778135279
broad,-0.030972084857484476
broke,-0.002664326800944978
broken,0.013111358654963897
brother,-0.007384164335430074
brothers,-0.004129756156780257
brought,-0.009112089880246942
brow,0.00753901519928578
brown,-0.014921935760955681
brush,0.005461061838993411
brushed,-0.006907493650231115
buck,-0.008746120530237338
bud,-0.004578776657749789
build,-0.000871974581577924
building,0.0031725003681413004
buildings,-0.007313204030164201
built,-0.03651594131570005
bull,0.011053853979562739
bullet,0.0174382920148822
bunch,-0.0007829411883671395
burden,0.017965011399686828
buried,0.030880869853911905
burn,-0.0010126668033630787
burned,0.022481785000548
burning,-0.002114538873070871
burst,0.0038877625212706906
bus,0.010149601873099332
bush,-0.005457174617399235
bushes,-0.0019576911618634915
business,0.013196167194636909
busy,-0.008175480091405042
button,0.006934887626835973
buy,0.008052128253499416
bye,0.010711728535871748
ca,-0.020737852288505453
cab,-0.006421233851401187
cabin,0.009527861578005923
california,-0.00019840071166295542
callaghan,-0.0022752698802015183
called,0.007367328444965016
calling,0.02325461651226594
calls,-0.0001450453138143593
calm,-0.005634093103678649
calmly,0.007654442017102187
came,-0.03240909275168005
camp,0.003521808681456957
candle,-0.008660037208505406
canvas,0.014515095786563549
cap,0.0021693159297166424
capable,0.005396875496838664
capital,-0.007115970245972815
captain,-0.010730306757733971
car,0.026021398511340655
card,-0.0008107294253302342
cards,0.0018085740480084011
care,0.017202244929854373
cared,0.014759097717891703
career,-0.006645838485511674
careful,-0.009467658671130813
carefully,-0.00454618656958853
carl,0.0005674827853094584
caroline,-0.004636380957219347
carpet,0.013808349451512126
carriage,0.00010184921750629697
carried,-0.007813369299552767
carry,-0.008770087973802417
carrying,-0.0023564162166987033
cars,0.012576648498316845
carter,-0.00016875302558062809
case,0.018130890224739234
cases,0.003437397627789494
cash,0.0033704780667101007
cast,-0.011122077992957058
castle,0.0045466989409145364
casual,-0.008061681065516324
casually,0.004963428933354424
cat,-0.006465276477865667
catch,-0.0029812304967093855
catching,0.0026791007974265486
catherine,0.00042285779441602586
cattle,0.00379736484173559
caught,-0.013413434369703072
cause,0.01549852154128244
caused,0.001983655775544503
cautiously,-0.012288786543155784
cave,0.011389084751794808
ceased,-0.006085620046219328
ceiling,0.011970645018830143
cell,-0.0034329739921981945
center,0.005925423265888149
central,-0.0155464291559695
century,-0.004823930493734532
certain,-0.00633252309264807
certainly,-0.03132875017449184
chain,0.015205526840946431
chair,0.007756238007655842
chairs,0.004645204231853811
chamber,-0.002808046452169885
chance,0.03305588193925966
chances,0.020953018641061222
change,0.013696096763072669
changed,0.011390860208982815
changing,-0.008105844524914892
chap,-0.0002467299663227636
chapter,-0.09161870998057749
character,-0.0009882019522427336
charge,0.02647622995560298
charged,0.003969082752574265
charles,0.0009474182100017832
charlie,0.006578526656865559
charm,0.005368891721885389
charming,0.004340778572107659
cheap,-0.009621481157582676
check,0.010663071578643666
checked,-0.01121007771757051
cheek,0.03932718655408257
cheeks,0.005068650495399666
cheerful,0.0065800810658341894
chest,0.008469566502097868
chicago,0.014633841969309669
chicken,0.012157655805086346
chief,-0.007337753107654157
child,0.0050551376735459685
childhood,-0.007899022897846258
children,-0.003039320783071249
chill,-0.003973698775068298
chin,-0.0013353921065912253
china,0.00041525772948936896
chinese,0.0136336125727439
choice,0.018741544801232708
choose,0.009171425104674752
chose,-0.023680484436436722
chosen,0.007350472428409566
chris,-0.001459401864989599
christ,-0.0015828917517938228
christian,-0.0013282470796137774
christmas,0.016109971347498316
chuckled,-0.012760715216476445
church,0.000893351451448446
cigar,-0.0014732558967167977
cigarette,0.001967741975691636
cigarettes,0.010121170442196856
circle,0.010611038751985004
circumstances,0.014928059009490825
city,0.002326179726297191
claim,-0.0004049634600559137
claire,-0.00011240129360646862
class,-0.0020533819711104897
clay,0.001084567346780922
clean,-0.0008755262561924385
clear,0.017472100391018475
cleared,-0.0115347719968802
clearing,0.013854218360915478
clearly,0.000676523480003456
clerk,-0.00016308331308243136
clever,0.015179110824074414
client,-0.0025355153024759066
cliff,0.006163924218338288
climb,-0.01837433450233841
climbed,-0.009195445523652349
climbing,-0.005696038944178893
cloak,0.002113487137808018
clock,-0.006473184940986097
close,-0.0074944149781845494
closed,0.0071579527106556875
closely,-0.001976151243859948
closer,0.004031834618025906
closet,-0.0008402967109029015
closing,0.020506620856554823
cloth,0.012581536210213209
clothes,0.003369271484656196
clothing,-0.009797510634102998
cloud,-0.002584832794368176
clouds,-0.005058004701935872
club,0.011377490609880981
clung,-0.006643981191213788
clyde,-0.004509613055374258
coal,-0.013032648719356202
coast,0.003224597167119897
coat,0.008622076682986417
coffee,0.00883851970164361
cold,0.0003143585985192385
collar,-0.006277438991396642
collection,0.004348978903410172
college,-0.0049038496163305205
colonel,-0.007121195341803365
color,-0.007348643708485349
colored,0.005091884209410491
colors,-0.005384853534657689
colour,0.0010808981471767693
come,0.015351376493288955
comes,-0.027681170070594743
comfort,0.020324203137540152
comfortable,0.005877939899329194
coming,0.0184847658538729
command,0.0006978299087237537
commanded,-0.003976722616500603
commander,-0.006492797538242281
comment,0.0032477440837008274
committed,0.01956652995820831
committee,0.0029803463092562756
common,0.004183027160240418
community,-0.010190612401885766
companion,0.0007813554336629953
companions,-0.010030438489690105
company,0.006638137291012675
complete,0.01020512765746225
completely,0.012919398302679444
computer,0.011491495567328815
concern,0.004855527347436506
concerned,0.018201182924103065
concluded,-0.0011552328602070696
conclusion,0.024094000752439493
condition,-0.0014525652130555702
conditions,-0.0016967334824643508
confidence,-0.003774743383305545
confused,0.008155685485038932
confusion,0.005454449234991966
connected,0.008605678040145559
connection,0.008160696074927058
conscience,0.013583597591500875
conscious,-0.008770988930060755
consciousness,0.0028137940697612117
consider,-0.019770793502588112
considerable,-0.01425109806865906
considered,-0.0011520190888436937
considering,-0.009578882830867292
constance,0.004248451874799362
constant,-0.014883520553228443
constantly,-0.014628266383785832
contact,0.012001923284607151
contained,-0.011104960324305992
contempt,0.00859434897777383
content,2.298164129187203e-06
contents,-0.0032972545102868327
continue,-0.00012329219642762118
continued,-0.01220203021268183
control,0.00461999454632699
conversation,0.008411923233335642
conviction,0.01868053327425998
convinced,-0.007717724469285459
cook,-0.009816352935245277
cool,0.006926454292160241
cop,-0.00046998650176230465
copies,0.007278985293156868
cops,-0.003087762604554327
copy,0.0072448833904746445
copyright,-0.0006625047590869075
corn,-0.006556463696838632
corner,0.002353753050545727
corners,0.008741780442884288
correct,0.010819132851399052
corridor,0.012997906833971886
cost,-0.0020384172439875704
cottage,-0.0030494569298046108
cotton,0.008766889909929555
couch,-0.001287389140885908
couldn,0.0037846968421546426
council,0.007824271734486426
count,-0.01175222110155402
counted,-0.009787488437409923
counter,0.01804093867282215
country,0.014366505527713383
county,0.005755538234344418
couple,-0.0030732101034063905
courage,0.00987885330196888
course,-0.030145250050674893
court,0.0005266651728422804
cousin,-0.00558291169307488
cover,0.009305586077612553
covered,0.0067965680709858355
cow,0.004295475632487831
crack,0.0020106585467461135
cracked,-0.0006042499410942721
crazy,0.009916618615381706
cream,0.017387988511606615
created,-0.01410034253600548
creature,-0.008636487062306228
creatures,-0.02049994852777558
credit,0.009265673473119546
creek,-0.006250386515512569
crept,-0.015923220466683534
crew,-0.00492034997504042
cried,-0.012482319018801168
crime,0.0035244922159015962
criminal,0.0046661616745892875
cross,-0.0005834435957281528
crossed,-0.016265423158774682
crossing,-0.0042465072494357135
crowd,0.00776185714405989
crowded,-0.01366507525688532
cruel,0.011837245177254301
crying,0.01953154324229179
crystal,0.00040540323829201284
cup,0.010954103152599494
curiosity,-0.004171129464460536
curious,0.0010718593894444067
curiously,0.012758663284949436
curled,-0.021178476788350633
current,-0.0043617051231483244
curtain,-0.007764919407418646
curtains,-0.0062450654984753905
cut,0.003335869669038861
cutting,-0.0040882338820511606
cynthia,0.004550244763185149
dad,-0.01126567099813245
daddy,-0.002125180387699648
daily,-0.006444603107761367
damn,-0.007765081498007924
damned,0.015272164078546488
damp,0.008752450121561166
dan,-0.0020124822765896213
dance,0.0027567756570708426
danced,0.0006534433190772794
dancing,0.006466139364636126
danger,0.004834748048684973
dangerous,0.009731090962981742
dare,-0.014277950209832338
dared,0.0024907819026983996
dark,0.0076413861927123496
darkness,0.015826903497085168
darling,-0.0013515874893972539
dart,-0.002297899063717289
date,-0.0016440409492378414
daughter,-0.004365623493202116
dave,0.0022554601237706785
david,-0.00878821236789471
dawn,-0.00952012001172958
day,-0.01122551818023706
daylight,0.003989609608745018
days,-0.006921170851779955
dead,0.02141054766929593
deal,0.025569002387998436
dean,0.004704874446064179
dear,-0.016460274585085206
death,0.015593857373402078
decent,0.008944210231632006
decide,0.013858823613192088
decided,-0.0066875537222572685
decision,-0.005570732830824305
deck,-0.0006203302018653515
declared,-0.0015590994352119606
deep,-0.01139031246467611
deeper,0.014280561182680644
deeply,0.0008022244044857142
defense,0.00707391523085566
definitely,0.007500479879341147
degree,-0.004900061753676505
deliberately,-0.0028387178208711702
delicate,-0.01553232626408014
delight,0.007473420708067507
delighted,-0.0044104918524571135
delivered,-0.007475684062559236
demand,0.00014859336404781176
demanded,0.02549047089411571
department,-0.0017847351624785386
departure,0.00873366568188721
descended,0.005130790185443286
described,-0.0065916165809599934
desert,0.0023521820399730123
deserted,0.007115579516882871
desire,-0.0029718738915851715
desk,0.008106986505129626
despair,0.0012235574007635392
desperate,-0.005622560967960987
desperately,0.0009736349418272543
despite,-0.022640247357896222
destroy,0.03464276208064082
destroyed,0.01534323971466633
details,0.003377577625100048
detective,-0.007812909268404177
determined,0.00214376792513173
developed,-0.013096422606122034
devil,-0.011800394157459928
diana,-0.0007066197376150717
dick,-0.008628881236253659
did,-0.03375931143032678
didn,-0.006223551559360906
die,0.02684713639339432
died,0.01974635596030305
difference,0.01189719189779
different,0.01989266364712
difficult,-0.00035092361179205045
difficulty,-0.004631871976425191
dignity,0.006368206303423729
dim,-0.0023544632905339803
dining,-0.01825663641839689
dinner,0.017179515087515383
direct,0.01132006177719685
directed,0.009211713349155206
direction,0.02761835985177298
directions,0.008049688024911602
directly,0.011613727021139863
dirt,0.0014840638954249298
dirty,0.0033322185169056967
disappeared,0.021340185364567957
disappointed,-0.0030608872135049624
discover,-0.00012047498198126655
discovered,-0.0041684440009162466
discovery,0.004045580952546532
discuss,0.023353055560478158
discussion,-0.00580437804380455
dishes,-0.0012803701836169331
distance,-0.002450407427661714
distant,0.0069478133362588824
district,0.009075215754107599
disturbed,-0.004243015562564548
doc,-0.014940683605941123
doctor,-0.0029103063023263004
doctors,-0.0059689026043074165
does,-0.04425991783669207
doesn,-0.006986854668583497
dog,-0.001294962117630534
dogs,-0.013400616792392604
doing,0.03359384702160073
dollar,0.003471845860931701
dollars,0.010629607629620045
don,-0.026849863497728603
donations,0.012374019608074042
door,0.01692923307038901
doors,0.0008135202115655067
doorway,0.008016243614277345
double,-0.0015637623801310991
doubt,-0.009216490894957371
downstairs,0.00970541612310811
dozen,-0.013631563525138604
dr,-0.007482758352338798
drag,0.006312937913957083
dragged,-0.024127975547700055
dragon,-0.0031849375122146428
drank,0.006986338119963648
draw,0.006131368377402551
drawer,-0.005090701717165212
drawing,0.0066542595995720795
drawn,0.000434735449625748
dreadful,0.018652050886870636
dream,0.0024365265843535747
dreamed,-0.008855328337506596
dreams,-0.0076859271703884685
dress,-0.003050484417256535
dressed,-0.026370931988698134
dressing,0.015428749149332694
drew,-0.01718433044969512
dried,-0.009506400978303554
drifted,-0.0075480412480939466
drink,0.027004687038189822
drinking,-0.008453438345342974
drinks,0.004661285576884836
drive,0.015493655297082016
driven,-0.02187309164248081
driver,0.0026311396150476506
driving,0.008440600215866335
drop,-0.003736915885873205
dropped,-0.014209885414498795
dropping,-0.010693533036548833
drove,0.008235872636585815
drunk,0.005206732087318328
dry,0.007419861505462751
dug,-0.006769162527711368
duke,-0.003920310842406299
dull,0.007455355564131633
dumb,0.02507797949597368
dusk,-0.0008286665900686664
dust,0.00943715670039694
dusty,-0.00547668787257499
duty,0.0044242818653567745
dying,0.010661342465950276
eager,-0.002321804002983829
eagerly,0.018855655698313833
ear,0.022001544509477916
earl,-0.0017058546101998905
earlier,0.003260973171985359
early,-0.030222356907421557
ears,0.013556648161494602
earth,0.013004692041356401
ease,-0.0034428251203742627
easier,0.00920367774007893
easily,0.0017374217218951726
east,0.000670580343874294
easy,-0.01704996040837084
eat,0.012038002039675854
eaten,-0.003457737689504731
eating,-0.01916378544341705
ebook,-0.003022530783192212
echoed,0.005750052479165849
eddie,-0.0015239016763736715
edge,-0.010041178125160526
edith,-0.0017315948433144959
education,-0.005538680639523603
edward,0.0018463731101445004
effect,0.0017703666954627616
effort,-0.0017981631157998209
efforts,-0.00425211719144955
eggs,0.0172874326635111
eh,0.01838218219997791
eighteen,-0.0008718970624937694
elbow,0.015959761776914654
eleanor,0.0009065089511463282
electric,0.008160729268941744
electronic,0.0028842434083227193
elena,0.0035119278952479805
elevator,0.0005111800702115874
elizabeth,-0.0070966512612739546
ellen,0.0032763189536025306
em,0.01159552349380733
embarrassed,0.005953323891473984
emerged,-0.010844135797203145
emily,-0.003979869012641889
emotion,-0.004051721198664635
emotions,-0.014737352407099146
emperor,0.001561406106188831
end,0.031459930209593694
ended,0.018962440318542294
endless,-0.009593088180487102
ends,0.016724901578272014
enemies,-0.007103369387768201
enemy,0.011412144977337531
energy,0.003943105991047081
engaged,-0.004571703744633573
engine,0.004980616693825039
england,0.00021430396848556073
english,-0.0012240734192158602
enjoy,0.01630404160952713
enjoyed,-0.008508372654168294
enormous,-0.008370499417917444
enter,-0.000798512825572708
entered,-0.015585435980676531
enthusiasm,0.017575795839484116
entire,0.00579281209271207
entirely,0.0017832408655855461
entrance,-0.007911271802646967
envelope,0.002748894332138294
equal,0.007226514764950487
equally,-0.011454052782821657
equipment,0.03138044775524079
er,0.00776908517143543
escape,0.012739909594624342
escaped,0.0018647805487388015
especially,-0.00221031543358019
established,-0.007515472044512872
estate,-0.0006365026113988981
europe,0.007136222550110467
eve,0.009080329960252227
evening,-0.008279809532908893
event,-0.004110963187698989
events,-0.008929914074134772
eventually,-0.010466781570730336
everybody,-0.014812040601863492
evidence,0.014237359753707381
evidently,-0.0315124305611254
evil,0.01074652478120961
exact,-0.001006889059574227
exactly,-0.012414586694182828
examined,-0.010186127436356883
example,-0.014312363145662099
excellent,-0.011829909276846982
exchange,0.010909186841228316
excited,0.00196535772995707
excitement,0.0006941127563737529
exclaimed,-0.010366308352766989
excuse,-0.014684849195186454
exhausted,0.007614578047625694
exist,0.007703980105413358
existence,0.01294088811786577
expect,0.002857652544924517
expected,-0.016448408366303714
expecting,0.003054911281820459
expensive,0.019425940707922376
experience,-0.0034227273426700273
experienced,-0.0050934612150786585
explain,0.0014576825578755113
explained,-0.0216276397630947
explanation,0.018630768754933316
express,0.0014345683727108635
expression,0.013434448936635262
extended,0.0007423790452609967
extra,-0.0072231821837229785
extraordinary,-0.0016147915651321823
extremely,0.0020421852610503716
eye,0.01090539989350257
eyebrows,-0.008850714811073091
eyed,-0.008313567982622448
eyes,-0.006800080941661352
face,0.018251432467475674
faced,-0.014594795234146507
faces,0.022761389802553274
facing,0.0030408897326260113
fact,-0.02190983394805813
facts,0.0024197272315195075
faded,-0.006935190644238691
fail,0.005769796667768684
failed,-0.00914195774109157
failure,0.009636318039731506
faint,0.003912438614054348
faintly,0.012815150694294545
fair,-0.016243698556779033
fairly,0.0028687567383029445
faith,-0.0034937574359907688
fall,0.03257827495019255
fallen,0.0044952762781003954
falling,0.015695168448633456
false,0.018814677639522628
familiar,0.010570811238257817
families,0.0071769162113922876
family,0.0005601269659241392
famous,-0.0014087968772703017
fancy,-0.001062724541947822
far,-0.0100110118379057
farm,-0.004030956035008045
farther,0.017700588775869382
fashion,-0.004997589005240647
fashioned,-0.001365184682931365
fast,0.006132196419407304
faster,0.0018007870638761
fat,-0.01034561496166327
fate,0.004324584307771927
father,-0.013377126814920452
fault,0.008546057818023674
favor,-0.0020352414805462167
favorite,-0.008463117856031403
fear,-0.011474197739601368
feared,0.001759223134340595
features,-0.017395494098736648
fed,0.007884451563133383
feed,-0.008739859397590135
feel,0.010272436094833486
feeling,-0.002450122641728891
feelings,0.01613954170711404
feels,-0.00032874815895116946
feet,0.014306354761525109
fell,0.0063321166240120205
fellow,8.492125239824753e-06
fellows,0.011706414151248791
felt,-0.022757533809045903
female,-0.0008761934106865898
fence,0.011054520859125791
fer,0.0012334873784285406
fever,0.0035976967600043143
field,-0.0022960263551549173
fields,-0.0027839079122694297
fierce,0.004144662460570423
fifth,-0.0007455414994742318
fight,0.018602793860546384
fighting,-0.0022024348167467072
figure,0.01537507506799284
figured,-0.005002796900959291
figures,0.0017601926464415468
file,-0.016415404136266628
filled,0.006964335206749969
filling,-0.002673304252056479
film,0.012538100221510338
final,0.014593962928059796
finally,0.009568140540997246
finding,0.008965497070474145
fine,-0.010533078949370868
finger,0.016955492029360076
fingers,0.007181205029595178
finish,0.009267127660553645
finished,-0.0008984233198178385
fired,0.016826679731928456
fireplace,-0.001844195905821155
fires,0.0018550195884377914
firm,-0.004527655093206047
firmly,0.005418346814248655
fish,-0.0015139230835321078
fishing,-0.010726387069469533
fist,0.015534456379670485
fit,0.023447866614806023
fix,0.024983810756712407
fixed,0.015325312318120421
flame,0.0017632403942258231
flames,0.011080715643544653
flash,-0.013426802759313633
flashed,-0.009399433943548688
flat,-0.0018419613386518336
fled,0.00450454004466614
fleet,0.010877991189271581
flesh,-0.0045716398025516134
flew,0.0006291618204062743
flight,-0.0024347447171706375
floating,0.010264181463466438
floor,0.026228998057799536
flower,0.0113432250097824
flowers,0.006442950476795568
flung,-0.022558710579339624
flushed,-0.02063960045474554
fly,0.005063632131114244
flying,0.008567922137911925
fog,0.003179797513227947
folded,0.005212602710616933
folk,0.00425935713964981
folks,-0.005279249975918783
follow,0.01796367949372273
followed,-0.009711102066300045
following,-0.007851732321069286
fond,0.014924710097216963
food,0.011683817331924489
fool,0.0009303647487485616
foolish,-0.003057713834573046
foot,0.0013699198198697305
footsteps,-0.00302280912318175
force,0.008906738805723385
forced,0.0001443888290104005
forces,0.004919207615493782
ford,0.0015703566297236853
forehead,0.008012947878847184
foreign,0.0013654362687894827
forest,0.003758302445733911
forever,0.04338435699902919
forget,-0.0016383637211005034
forgive,0.002809326268791996
forgot,0.0004868903914349674
forgotten,0.015645476977226805
form,0.019186085859279473
formed,-0.0025338252475503426
fort,-0.0028426903382452306
forth,0.01619215069992214
fortune,0.0014984394813564673
forward,0.007814217704032001
fought,-0.010075209584811421
foundation,0.0065551932110767385
fourteen,-0.0018992032231674126
fourth,-0.014352041533246294
fox,0.0038007639784834978
frame,-0.005346012329493425
france,0.007921924205417326
francis,-0.003129977130056099
francisco,-0.0020497822187637146
frank,-0.007502527121591729
frankly,-0.014841034226820635
fred,0.007350912804358122
free,0.021175801678346214
freedom,-0.015582403848177231
french,0.0053418918156444214
fresh,0.0006842990197000029
friday,0.009651589739562464
friend,0.008030403281410031
friendly,0.01024508125595661
friends,0.003912774429870477
friendship,0.0002720219282561699
frightened,0.01940105289800749
frowned,-0.01965836132874661
frozen,0.005373933434542359
fruit,0.002143291269345655
fully,-0.01170587959630856
fun,0.019795660432160002
funeral,0.019733579140612474
funny,-0.014705020276443027
fur,-0.008100654752652961
furious,-0.0012112394001682419
furniture,-0.00703810029826559
fury,0.0012202336360772306
future,0.038268990653083125
gallery,0.00511217794992342
game,0.008543238420136424
games,-0.006319326185651662
gang,0.0019666990117309996
garage,-0.001354126696370034
garden,0.005929178512142136
gas,0.01400302411337222
gasped,-0.005794824527233339
gate,0.004187931725386477
gates,-0.017842791995530734
gather,0.0023909407839230643
gathered,-0.0178578397505962
gathering,-0.003442604321426997
gave,-0.018916835612156745
gay,0.002516053564148265
gaze,0.00023535680008087545
gazed,-0.009924699585850459
gazing,-0.00015750473536400424
general,-0.0001404154743793166
generally,-0.0009430088946033494
generous,-0.007097181077988209
gentle,-0.009728031857792852
gentleman,-0.0008923651876183317
gentlemen,-0.010744202236824374
gently,0.007409524118090011
george,-0.005262582246623345
german,-0.006321530126007093
germans,-0.001854192213887663
gesture,0.00790721290089272
gets,0.005099925687143566
getting,0.0067212799894800475
ghost,0.0036901824847094993
giant,-0.009348257567731121
gift,0.004272425116840648
girl,-0.019541367488965174
girls,0.012444123346480132
git,-0.007286414090758671
given,-0.0029586779260158368
gives,-0.01576121900111146
giving,0.0007316393452328093
glad,-0.014685160453407214
glance,-0.019582488404648428
glanced,-0.03215672619004762
glancing,-0.02139666671254922
glass,0.027733692542433217
glasses,0.011228043737909003
glimpse,-0.0036105358058654705
gloria,0.0001980004544671829
glory,0.00014876325548483736
gloves,0.0022993516307528595
glow,-0.005745312930298447
glowing,0.006386547382311579
god,-0.006913523279565843
gods,0.00019492015734607306
goes,-0.005744314761419254
goin,-0.001886624268357763
going,0.012851545122401196
gold,0.0009971663455507899
golden,0.0059633290243760375
gon,-0.003968578809435228
gone,0.034170205385028386
good,-0.013006234967836346
got,-0.010872932818570833
gotten,-0.008381338357094575
government,0.0052689868710662936
governor,-0.004312012898492615
gown,0.002181921194191906
grabbed,-0.008456645523934683
grace,-0.0013815624689855817
gradually,-0.012427002214588279
grand,0.018859257647367556
grandfather,-0.007786569958042138
grandmother,0.001272798313200708
grant,0.012801149425654556
granted,0.0012740844870504449
grasp,0.0056212780575001856
grass,-0.003276328080461056
grateful,0.016648138019284647
grave,0.019171879234131255
gravely,0.0019489509793796417
gray,-0.006853126504595774
great,0.006956408660213653
greater,0.006221112457122131
greatest,0.013910529012149684
greatly,-0.002240513130026775
greek,-0.00142003533159812
green,-0.012958376544993076
greeted,-0.006092105504698549
grew,-0.00813870153268289
grey,-0.011289499456055944
grief,-0.0022721945651897673
grim,0.00365636558595149
grimly,0.009377610649478648
grin,0.006840712842512681
grinned,-0.0011459016749485555
grinning,0.002008859539278245
grip,0.008088631624903595
gripped,-0.005519440606068716
ground,0.014918223142340025
grounds,-0.0009012131259256707
group,-0.024003222231305757
grow,0.002419174527449691
growing,-0.0008112711164273456
grown,-0.011658209491459154
guard,0.0003664239969760761
guards,-0.011978057656170969
guess,0.0015442862571657468
guessed,0.006851354201752224
guest,0.003076207073130105
guests,0.006749876046441351
guide,0.0069298102704289976
guilt,0.005975097781399669
guilty,0.0082720134964596
gun,0.01634222721324678
guns,0.010758822464868117
gus,0.0018436031057409666
gutenberg,0.008539602351322645
guy,-0.0012710903289471223
guys,-0.0018667443531969316
ha,-0.009916101877543866
habit,-0.010783517706933138
hadn,-0.004041723149906885
hair,-0.009704679852204143
haired,-0.012346457915547
half,-0.02714230558050656
halfway,0.010055607168380554
hall,-0.005755378246693271
halted,-0.011386115455666701
hand,0.03540648324351687
handed,0.01057350270179609
handkerchief,0.027711510414613835
handle,0.025884469192454865
hands,0.01998448671262232
handsome,-0.007260277812267641
hang,-0.0058464837284284525
hanging,-0.007967789388368602
happen,0.03147117834046764
happened,0.0291134244955631
happening,0.0015769165647328582
happens,0.0018692944049016798
happily,0.020212168822051995
happiness,0.03219447161850165
happy,0.04492880522378338
hard,-0.0037261895250501383
harder,0.007750565104416913
hardly,-0.0027951484950307615
harm,0.034348053682742984
harriet,0.002837356315377572
harry,-0.0018437348501355046
harsh,0.00016971894700408256
hasn,0.006339166953821873
hastily,-0.0042766279711758375
hat,0.008733866176785619
hate,-0.0054481380847226715
hated,-0.013651610028328133
hatred,0.010082469159336666
haven,-0.016329063994377342
having,-0.02153878246679006
head,0.025615236433898663
headed,-0.0014023518048409667
heading,0.014580807082617643
headquarters,0.001194805327597096
heads,0.017897262742267512
health,0.001361755030496615
hear,0.007731526064813131
heard,-0.030423084282660672
hearing,-0.005178845252138099
heart,0.01144275111798324
hearts,-0.006415826630409717
heat,-0.01075738705090199
heaven,-0.004336986455342391
heavily,0.0007598971268760543
heavy,-0.01620504894898758
heels,-0.0008738762230722359
height,-0.013203361062433179
held,0.01969767137091737
helen,0.005653712597803344
hell,-0.0032583243771871833
hello,-0.02407331665049599
help,0.03884736188420917
helped,0.002898968553157927
helping,0.01423180042574927
helpless,0.0030815834590300745
henry,0.005229300873623829
hero,0.01123362692596504
hesitated,-0.013058827680659366
hey,-0.026919528406713418
hid,0.010493907988311253
hidden,0.008833519026903635
hide,0.005564831909054621
hiding,-0.0007226824527181681
high,-0.003237304233051806
higher,0.019112040133963313
highly,-0.00828046375144805
highway,0.0030430463254258002
hill,0.007562550701784753
hills,0.00543861622139875
hint,-0.0029562224929741672
hired,-0.011431929522282953
history,-0.006131710206938707
hit,0.003731434225315341
hold,0.01458840125445008
holding,0.013810822410129403
hole,0.017607715470641112
hollow,0.009083633530909995
holy,0.0013988236784567996
home,0.030879031204713858
honest,-0.006434671425107892
honey,-0.005120835104891009
honor,0.018221774190768748
hope,-0.0012159754549101467
hoped,0.009933347953023476
hopes,-0.007838160900305681
hoping,-0.0015459064952865736
horizon,-0.013766878874376465
horn,-0.003787222327012867
horrible,0.010236377550176631
horror,0.009240184200988407
horse,0.00038325050783178977
horses,0.007768229119458496
hospital,0.009442161918746347
host,0.005415262415891659
hot,-0.012521406147670307
hotel,0.01474596883692296
hour,0.00031231668413303655
hours,-0.007350699282656913
house,0.014949255034442934
household,0.005488209830944048
houses,-0.002077249095102511
howard,0.008272768600951264
huge,-0.003168481317477089
hugh,-0.001042842707601229
huh,0.003856103698502723
human,-0.0021222727335465773
humor,-0.0022384126300540046
hundreds,0.0010306871294736043
hung,0.013063489621698192
hungry,0.008265330471231423
hunt,0.007916479958588761
hunter,-0.0023128736730352265
hunting,-0.012676627453716062
hurried,0.0014661069957438541
hurry,0.008772143121174783
hurt,0.038825409243537064
husband,0.007603525567305567
ice,0.005295670424688406
idea,0.002516685847128786
ideas,0.0235617818574113
ignored,-0.009476941647809042
ill,0.0029646288053646374
image,0.006197926112601781
imagination,-0.004336056117306074
imagine,-0.01559450959931393
imagined,0.0006113029566556867
immediate,0.01607719243745071
immediately,0.010558763166177366
impatiently,0.002168579736834307
importance,0.006631984117407365
important,0.016424746385646873
impossible,-0.0002326848199307108
impressed,-0.007094681317304518
impression,0.004619569092067174
impulse,0.006392205495196352
inch,-0.004816377485369505
inches,0.010964743496700008
incident,-0.006759279233744179
inclined,-0.015354883649386619
including,0.024615093998528282
increased,0.001206679896636428
indian,-0.0007888450602294818
indians,0.006311061521548998
indicated,-0.0001043722980302854
individual,-0.012893370005764522
influence,-0.0021413394177057323
information,-0.00029529736064148914
informed,-0.0009338348136976615
inn,-0.01509709576574096
inner,-0.01580294775437007
innocent,0.01176963746615621
inquired,0.008446282929339393
inside,-0.0016008262452945055
insisted,0.008065302984046242
inspector,-0.002882327343034725
instance,-0.015290127404757627
instant,-0.019075046082144134
instantly,-0.010775999702733212
instead,-0.00208841855031941
instinct,-0.011392737818069187
instructions,-0.005002113304021796
intelligence,0.00048765156407470326
intelligent,-0.0030110654588209364
intend,-0.008494476664512631
intended,-0.0008442294866388198
intense,-0.006775932645710122
intention,-0.008602819918163548
interested,0.0036053489193423527
interesting,-0.0013880082337489731
interests,0.0072675263032043694
interrupted,-0.02635073440953931
interview,-0.004816960326925557
introduced,-0.015033461545928481
investigation,0.0008650933433771421
invisible,0.007229863666605243
invitation,-0.011524745403712289
invited,-0.006716121683044799
involved,0.009055906877535524
ireland,0.009220427244286065
irish,-0.006864704875065154
iron,-0.004292064753079301
isabel,-0.0005246577898249817
island,0.017337940784125472
isn,0.000558869412478839
issue,0.008518619605257101
italian,-0.002035401028279836
jack,-0.009503711610005227
jacket,0.019865983096101335
jail,0.011997170275565247
jake,-0.0031970447340363057
james,-0.006541471557326919
jane,-0.004001727755647718
jason,-0.010360572346412744
jaw,0.010805226561036833
jay,-0.0015994791280735682
jealous,0.01465807187020273
jean,-0.004872246277342175
jefferson,0.003670850238971444
jeffrey,0.003255890665858198
jenny,-0.006889623011712871
jerked,-0.016676198520931246
jerry,-0.004712744354367838
jesse,0.0036227564025168536
jest,-0.00802427055004283
jesus,-0.006728400218195685
jim,-0.006160015044927903
jimmy,0.006159072114880834
joan,0.00267340138551844
job,-0.0022118034685482475
joe,0.011978985053179755
john,-0.0009795112131411774
johnny,-0.0002528234362114758
join,0.020240836692931172
joined,-0.00047654655241143664
joke,0.01167888061240492
jonathan,-0.0026256403515207585
jones,-0.010223848625305081
joseph,-0.007075847269619939
journey,0.008194986768082696
joy,0.0023054092703228895
judge,-0.004565398370324959
judgment,0.0032455368178564005
judith,-4.260820491303421e-05
july,-0.005472044439257609
jump,-0.0011710139734983406
jumped,-0.027104720795408564
june,0.009995482272348219
jury,0.007332713225045424
just,-0.016709318585033158
justice,0.0072354282640491804
kate,-0.0035192531628396935
keen,-0.0010116664198532332
keeping,0.014253032971902247
keeps,-0.009020383555333066
kept,-0.017077213877523183
key,0.014554365273416458
keys,0.009375295329257927
kick,0.017854751249688352
kicked,0.007369836219680435
kid,-0.004842218267723163
kids,-0.0017865855868076908
kill,0.039819713508618286
killed,0.03681594434959231
killing,0.016429643676907028
kin,-0.005124495592732256
kind,-0.003826914373762895
kindly,-0.0018177796863342818
king,-0.0023813705620970268
kiss,0.015988446618705403
kissed,0.010729458352681595
kitchen,-0.005129236720483292
kitty,-0.0008878749137910629
knee,0.018032814436406225
knees,0.015187345397642675
knelt,-0.0010692262140950773
knew,-0.011786387060152394
knife,0.015763963997543685
knock,0.005412430387696651
knocked,0.0033807855274745158
know,-0.0007745796202052481
knowing,0.001886651062931185
knowledge,0.0034048632573128223
known,-0.0011094313782196964
knows,-0.005189623918504435
la,0.0004108153287904814
labor,-0.00849418465056719
lack,0.0019954636952168613
lad,-0.009943755105563418
ladder,0.008475675435925478
ladies,-0.0020682065246214925
lady,-0.001901118813869256
laid,-0.0199623573612195
lake,0.005076249871948121
lamp,-0.0042133703473952655
land,-0.0017203639180096196
landed,-0.0009391217706414721
landing,0.005803918940485858
lane,-0.004067275467952904
language,-0.0068244700148148065
lap,0.036647814868779716
large,-0.028332126545523622
larger,-0.006750423013529353
late,0.0025239695278014796
lately,0.017825801561257546
later,-0.021221583707008333
laugh,0.009913860569656796
laughed,-0.01576924750741369
laughing,0.020811856926722067
laughter,-0.004056666249913697
law,-0.005274318761128454
lawn,0.004724791345026862
laws,-0.004136206910301161
lawyer,-0.012104555022092348
lay,-0.01668971725289641
le,0.0028337650165985353
lead,0.0063239559165790766
leader,0.003912477579315129
leading,-0.0009681121271269082
lean,-0.015521566491208756
leaned,-0.026999052597940085
leaning,-0.015677789389757727
leaped,-0.0026269918586168616
learn,-0.019203630763553053
learned,-0.032114162679271675
learning,-0.0064932578816366765
leather,-0.0028947733147289567
leave,0.024958450766733965
leaves,-0.0011564394822116762
leaving,0.014453275996006444
led,-0.020127288453140067
lee,-0.00222306134496885
left,0.018843050066747483
leg,0.03199452150805297
legal,-0.00010376015536960746
legs,0.006283255154256922
length,-0.003338176743905309
let,-0.03682684028248132
letter,0.01465544660129825
letters,0.018303065968762078
letting,-0.004935755999736301
level,0.003258258533447641
library,0.010719472998344606
license,0.022765635164348347
lie,-0.005005422383826025
lies,-0.012994154915311716
lieutenant,-0.014179157212565503
life,0.025926285916108762
lift,-0.0004501073315223193
lifted,-0.01589055796672465
lifting,0.0038796285450289933
light,0.011495633288182424
lighted,0.000491393662766638
lightly,0.019217304419033368
lightning,-0.005368810196692482
lights,-0.005744131695185502
like,0.0058707514820468395
liked,-0.017093345581680488
likely,0.010477656633787778
likes,-0.000632023706181035
limited,-0.009916676258431317
linda,-0.0038800609805230203
line,0.004728868020967861
lined,-0.014996438711955652
lines,0.011207377174497195
lip,0.0017241516572146706
lips,0.01721457656237113
list,-0.003020511871744571
listen,-0.029578235693030648
listened,-0.003308763704989181
listening,0.0014979620748753408
lit,0.003763872880852969
literary,0.008846714751206094
little,-0.006580937267795754
live,0.022278218440797262
lived,-0.020417504711825865
lives,0.006492135734352716
living,0.004714225642041099
liz,-0.0019118095370370869
ll,-0.013258271200606653
load,-0.0050793579656256155
loaded,-0.005544183501639676
lobby,0.0006929852784020634
local,-0.0058365514758140545
lock,0.0017103648324133284
locked,0.010728650012551287
log,0.009336191721972791
london,0.012288951774840018
lonely,-0.01274471676238459
long,-0.0062827001057978536
longer,0.012563520796946918
look,-0.026697846461364066
looked,-0.035551338656036734
looking,-0.009461904326140717
looks,-0.02548025348636318
loose,0.020202730307415605
lord,-0.009421205311408975
lose,0.043563179317060864
losing,0.009237957225283285
loss,0.018175533972333176
lost,0.03220601925916287
lot,0.005816432824186289
lots,0.006047041421449494
loud,-0.01223403210871206
loudly,0.006407912447963075
louis,-0.008615192522130732
love,0.017306431155732046
loved,0.006237162100175995
lovely,1.237015967610534e-05
lover,0.014932090242097362
loves,-0.00100371756294813
loving,0.022246413087215543
low,-0.0040442301715778225
lower,0.0057400178782319655
lowered,-0.005843813863501745
luck,0.0036121229063826865
lucky,0.005391042169475964
lucy,0.007531136974220347
luke,0.0003749389359574323
lunch,0.00799797747830545
lydia,-0.0021954966527674286
lying,-0.01926399112163544
ma,0.00354680646955338
machine,0.005090353721478192
mad,0.007880276175133726
madame,-0.007381450845754504
magazine,-0.00473251848937085
maggie,0.01243231423539748
magic,-0.0029446745316760205
maid,-0.012485902880593988
mail,-0.0049149813915725935
main,0.0005584646384490852
major,-0.015272520876291891
make,0.030737209673703216
makes,-0.023800813487668895
making,0.006794383053825622
male,-0.019175894315105097
mama,0.004222249386519942
man,-0.023676083780218606
manage,0.011935091893232275
managed,-0.006849657926798564
manager,-0.00010482002109029667
manner,-0.0005452170899949486
map,-0.0027205264671081903
marble,-6.617123651501219e-05
march,0.0006182877328859102
margaret,0.0019755193653519993
maria,-0.007532988680940215
marie,-0.008644866271926453
marjorie,0.0012571645421129516
mark,-0.0005207989506410451
marked,0.001981792381912469
market,0.007149839952857003
marks,-0.007292270200294533
marriage,0.011183576487517657
married,0.007668402373535534
marry,0.030222314064228827
martha,-0.004707617798216105
martin,0.003522939377179013
mary,-0.0005928454701025499
mask,-0.0010350723449579022
mason,-0.008421422731795386
mass,0.005635793596213404
massive,-0.018665533552031648
master,0.003012352804915067
match,0.015285908933557158
material,0.003060044561625007
matter,0.010741575978457287
matters,0.01029608899448095
max,-0.004931768321585188
maybe,-0.011526466584827904
meal,-0.012732531993654102
mean,-0.006395171818773435
meaning,-0.002390464787611765
means,-0.010141393993668757
meant,0.00600074903822262
measure,0.009791754937791487
meat,-0.004911910642143853
medical,-0.004378357131001389
medicine,0.012375102253364549
meet,0.03827992324361352
meeting,0.01908498306012316
member,-0.0026010432528310546
members,-0.011673202615863512
memories,0.01099311614122041
memory,-0.008714947367260131
men,-0.00970559073180618
mental,0.004038546870603905
mention,-0.005411420183576609
mentioned,-0.009464232882634148
mercy,0.001449156762484815
mere,-0.0058658837720636965
merely,-0.01029322848097031
mess,0.013184768878238476
message,0.01363585348652534
met,-0.009963435220118354
metal,0.0030506453533931223
mexico,-0.012979782639323876
michael,-0.01374800681528998
middle,-0.012256271034651432
midnight,-0.017519065320609584
midst,0.009596337654676698
mighty,0.0015689979549024435
mike,-0.0005860569617478667
mild,0.005275386634937828
mile,-0.0003129791012621497
miles,-0.002392901550723951
military,-0.010163210913647847
milk,0.015734923770501816
miller,-0.0032630514733472922
million,0.0032473941300351647
mind,0.016354664961101426
minded,-0.016957276851447996
minds,0.000386657281668327
minister,-0.009701773277326315
minute,0.007064925762743661
minutes,-0.005753360509503013
mirror,-0.0017189517049855537
miserable,0.011972387087911773
miss,-0.003532474298436395
missed,0.021174568474172605
missing,0.014946299938688474
mission,-0.0030944391077652863
mist,-0.00010852413942436858
mistake,0.030216893139155446
mistress,-0.001740172419986854
mixed,0.00509317353813506
modern,-0.004843521125320961
molly,-0.0011897880440516974
moment,-0.019564121008945366
moments,-0.013285986737937109
monday,0.006505174654846661
money,0.019576069059194866
monsieur,-0.01344811337638537
month,0.0018411518527331543
months,-0.017567832209578707
mood,-0.007674806666370077
moon,-0.0034582236647300053
moonlight,0.008331438372894897
moral,-0.002832383536462438
morgan,-0.00618586116533912
morning,-0.00044238744822351324
morrow,0.015615002910901985
mother,-0.0028938424057992893
motion,0.008591910109510199
motionless,5.287801308261226e-05
motive,0.037820123933934566
motor,0.003444452463538961
mount,0.0036860831560040423
mountain,0.007518674482837874
mountains,0.011350593495661598
mounted,0.0025953478796827438
mouth,0.010060494989448634
moved,-0.014757134984317575
movement,-0.007793110066163111
movements,0.0030686181579856605
movie,-0.0039851498680361615
moving,0.011574871837778292
mr,-0.005175032796964798
mrs,-0.004036717441877141
mud,-0.0022562811762140795
murder,0.030154464016932406
murdered,0.020901749793465232
murderer,0.022478395371441234
murmured,0.01394032758833126
muscles,-0.015917702382088995
music,-0.0020166808081295523
muttered,-0.0005437668890227694
mysterious,-0.00126092503995912
mystery,0.0011840817439327262
na,0.003292380407465948
naked,-0.008983721953210408
named,-0.012964596091812112
names,0.0034183721057140445
nancy,-0.004893381282983663
narrow,-0.02621143002625042
nation,0.011297057858396927
national,-0.002423102162886373
native,0.003625723513148618
natural,-0.017699699416063686
naturally,-0.0176763360114219
nature,-0.010578506376710668
near,0.001939167527819624
nearby,0.015873412182076642
nearer,0.00029517704552723317
nearest,-0.010514943464961434
nearly,-0.00303800653089755
neat,-0.0005739734178267188
neatly,0.0017746505412149704
necessary,-0.00013330588536011485
neck,0.01933495015666582
need,-0.010908022729584708
needed,0.0048679707428169175
needs,0.003995143782843678
negro,-9.001707834872498e-05
neighborhood,0.0018082132321730322
nerve,0.009803246555446952
nerves,-0.004133631755762487
nervous,-0.00903386212056555
nervously,-0.013300953790266964
net,0.0126333162051935
new,0.014922028626065762
news,0.0010284491227136748
newspaper,-0.008555234022657478
newspapers,-0.0031506905380371073
nice,0.012503982303252932
nick,0.005521085394560725
night,0.007380321179571487
nights,-0.008458942573692391
noble,-0.0033317164402391756
nod,0.00326506117633803
nodded,0.004933087377049339
noel,8.846062988514261e-05
noise,-0.003982327367531658
nonsense,-0.0028381930954665554
noon,-0.009932168757445724
normal,0.0034194037761955233
north,-0.004900806974416152
nose,0.0013156908585524644
note,0.003995735920295839
noted,-0.026109874816059312
notes,-0.00676753010109983
nothin,-0.004170813693240837
notice,0.01359839133946449
noticed,-0.020689207346139323
notion,0.005514740393285405
novel,0.00019348540879983558
number,0.02157331904972408
numbers,0.0053583568901999406
nurse,0.0007016701272969523
oak,-0.008431226517233149
object,-0.011076001846083261
observed,-0.008931181530169223
obvious,-0.003062391168146436
obviously,-0.003280725478468498
occasion,-0.0015964921720950497
occasional,-0.0035426543757441876
occasionally,-0.002364302076288743
occupied,-0.003108326178973409
occurred,-0.016159744804592025
ocean,0.01160116623797979
odd,-0.008909714550746748
offer,0.02101799335244318
offered,-0.006644952820238039
offering,0.0030483287847589604
office,-0.002002334317368117
officer,-0.003373247851678443
officers,-0.01178563818014466
official,-0.009150088884476982
oh,-0.07142305754621882
oil,-0.018286566617073046
okay,-0.013804219353744113
old,-0.019218547268897723
older,-0.035495576294323504
ones,0.020892748958806055
open,0.00483626324550687
opened,-0.030905165070470246
opening,-0.004333443870686078
operation,0.0004231516806468987
opinion,0.010602189164500456
opportunity,0.021430556067911943
opposite,0.0055920753979369605
orange,-0.0015737740820193288
order,-0.005463525001687205
ordered,-0.011216673185160642
orders,-0.005043247260721267
ordinary,-0.013898040962454639
original,0.020885409548043195
ought,-0.002279982283389508
outer,-0.005666698014801657
outside,-0.011933166338125209
overhead,0.005720236828297739
owned,-0.009964608022213231
owner,-0.006571614960459809
pa,-0.003942626775710452
pace,0.0014180371605487909
pack,0.0002981772158598128
packed,0.0002398401800992051
page,0.009896647145481762
pages,-0.017768693528364833
paid,-0.0010023349415915835
pain,0.007908219454144908
painful,-4.1087002453316746e-05
paint,0.018713250118425628
painted,0.0010380949235312019
painting,0.004129595608808084
pair,-0.005295075659612937
palace,-0.0023028522908110412
pale,0.0017824560262798695
palm,0.011629108081905658
pan,-0.00615238593048065
panic,0.007226450530607892
pants,0.0085921655607445
papa,-0.01271937257258031
paper,0.014769578343719919
papers,0.015625472963473407
pardon,-0.022497638989806293
parents,-0.004541762264106205
paris,0.019940042655395267
park,0.018684452683458155
parked,9.142452704530991e-05
parlor,0.007064438006203129
parted,-0.0017637693365263967
particular,0.00838664326803298
particularly,0.003879885191949615
parties,0.009045686894979157
partly,-0.01592940896337887
partner,-0.003121330547871555
parts,-0.004089600660205682
party,0.009486366600242227
pass,-0.0030497048790304997
passage,-0.00046964267715339476
passed,-0.024585172137828445
passing,0.00534511035988722
passion,0.020621969314337803
past,-0.012543578568793005
pat,0.0031251976414845045
patch,0.006976592948824082
path,0.0018285148481926039
patience,-0.011851567576272174
patient,-0.002024648915026902
patrick,0.0009477384592489442
pattern,0.005866457743898024
paul,-0.00047573629767829763
pause,-0.0074182786597093075
paused,0.0006090597333424575
pay,0.0014426547930795832
paying,-0.0008964542286644642
peace,0.015030145766400408
pearl,0.005293418530125005
peculiar,-0.006680446790180244
peered,0.003446826672920416
pen,0.001553900220182457
pencil,-0.01111560482921258
penny,0.002143005562657233
people,0.0038254047488736637
perfect,0.008718172591964564
perfectly,0.001232742789713662
period,-0.011137193681129342
permission,0.026685803448368236
permit,-0.003316319101730196
permitted,0.00523364070440877
person,0.021787533385119462
personal,0.006986559997122715
personally,-0.011634965805381606
persons,-0.003198878236905709
pete,-0.001892632362823605
peter,-0.008909374298213717
phil,0.0012458767355907785
philip,-0.011210738432982561
phone,0.007695090333479578
photograph,0.0001620112643626712
phrase,0.018128596285673638
physical,0.008309604353870827
piano,-0.0005241287323093724
pick,0.012021640182955977
picked,-0.021795674988760318
picking,-0.021991903626212287
picture,0.011460761196258417
pictures,0.0037847986308583354
piece,-0.0086458832447649
pieces,0.02134588227939036
pile,-0.004149841197904195
pillow,0.014981945430350396
pilot,-0.008130044675415402
pine,0.0032185601415872372
pink,0.00260785579717412
pipe,-0.003573774405352049
pistol,0.01749086715639915
pity,-0.0026484580227723944
place,0.0177165432457042
placed,-0.010549566862689786
places,0.007817663674435649
plain,0.015557598695467169
plainly,-0.00927823968665443
plan,0.025047467299751724
plane,-0.00020926345468806336
planet,0.004532592120743403
planned,0.0011860938477280206
planning,0.011236775839327846
plans,0.01066280306967676
plant,-0.001432337142639398
plastic,0.007191524945797049
plate,0.01632296859767461
platform,0.017688395686572538
play,0.017167380085670647
played,-0.011565838210909923
playing,0.0002668876193647096
pleasant,-0.0036579486563902835
pleased,0.016337297219889
pleasure,-0.010331211582768457
plenty,-0.014529316388590598
plunged,0.0016884267573260628
pocket,0.0230603086443681
pockets,-0.005226063714130085
point,-0.007640253277854267
pointed,-0.00585663487765069
pointing,0.0037822010426827157
points,0.0002498363211099335
poison,0.007170593387590954
police,0.00429177812227255
policeman,0.009564682210373916
polite,-0.00835074088321372
political,-0.019088326128429183
politics,-0.0033493500078058606
pony,0.004562651188224031
pool,0.0017868369858622278
poor,-0.0144574868275424
pop,-0.0009292357682521249
popular,-0.004448917805478768
porch,-0.00040121534428619077
port,0.008142956585165518
porter,-0.0017429097324834508
position,0.020464346507256044
possessed,0.0006055905188207607
possession,0.019805691769003014
possibility,0.01278058922639089
possible,0.02611482581494353
possibly,0.005741450773251694
post,0.02025697262081946
pot,0.005050719324326152
pounds,-0.003959085985879398
poured,-0.00912702852072519
powder,0.02018886536339423
power,-0.000564707843558085
powerful,-0.019183269468633822
powers,0.009707793310732014
practical,0.0009460913918684079
practically,-0.0033098618431225556
practice,-0.00637783236384714
pray,0.0014061834081800246
prayer,-0.00570531053618924
precious,0.012425124800884266
precisely,-0.002429205101001208
prefer,0.005433443220426221
preferred,0.0011136614096397246
prepared,0.00521026641420898
presence,-0.006069488024121492
present,0.01662850622939292
presented,-0.012484420108625563
presently,-0.01641290562310738
president,-0.002879403034687014
press,-0.001692005678234763
pressed,0.016797851644273148
pressing,-0.012246586280700847
pressure,0.003894801584499516
pretend,-0.011601944680532002
pretty,-0.0049333170834812085
prevent,0.020846138703580895
previous,0.0038538120767767415
price,-0.00022532628226322517
pride,0.007277737000259036
priest,-0.009383485047307651
prince,5.842885445933563e-07
princess,-0.005205625781363254
print,-0.001946043143247947
prison,0.011082595370443734
prisoner,0.0009682089102262531
private,-0.0011320108586444569
probably,-0.004484304998877256
problem,0.004415658947145407
problems,-0.0007164726685888421
proceeded,-0.013445394253703925
process,0.009611322406971134
produce,0.014838861745854278
produced,-0.022514437528935036
professional,-0.006166212619531551
professor,0.007273677973502981
progress,0.015133238554450921
project,0.004280127014137765
promise,0.011537226302235993
promised,0.006505083232427184
proof,0.01313941542176861
proper,0.022162059966525757
properly,0.007116527698692486
property,0.00751639321219631
protect,0.0039713732200757
protection,0.016113939663727553
protest,-0.00433278501500946
protested,-0.007140590980306378
proud,0.00019427590623598124
prove,0.023788216893135736
proved,0.0012110018912981561
provide,0.004981802987156291
provided,0.014603798980320952
public,0.005702135078949443
pull,-0.009876293672272518
pulled,-0.006404553493420804
pulling,-0.011179889811600334
pure,-0.003877039545132883
purple,-0.00033071106704965313
purpose,0.022706403848339426
purse,0.016146342607025535
push,-0.0005668525443904405
pushed,-0.018968195588730807
pushing,-0.01643924449145976
putting,-0.014505604217820323
puzzled,0.0007130495981964856
quality,0.0050079044955632845
quarter,0.008141473228109802
quarters,0.017326859166843487
queen,-0.0012703186198566357
queer,-0.008892507976582415
question,0.007769507078700078
questions,0.01734265412078724
quick,-0.01687172885175217
quickly,0.007536291767928935
quiet,0.009118378597109292
quietly,0.022185501451205576
quit,0.0006820334462261366
quite,0.011055393905539924
race,0.015585870471389169
rachel,0.0020606364039158958
radio,0.00489943615677035
rage,0.0011724573763913716
rail,0.008540052047032244
railroad,-0.005958331005571412
rain,-0.0020914674343026967
raise,0.0022009791014308455
raised,-0.021835915398819076
raising,0.006721977530678364
ralph,0.0005231863353048384
ran,-0.01300506760718423
ranch,-0.000382344896156912
rang,0.024569745237932195
range,0.0006446584811775525
rapidly,-0.0019273934944855587
rare,-0.006132956140645422
rate,-0.002196718658099482
raw,0.016561430478034964
ray,0.009141491789103765
reach,0.02015146782319564
reached,-0.030616624909285548
reaching,-0.00012501765415239848
reaction,-0.0014547853745932736
read,0.0058395118353195205
reading,0.010350030994680091
ready,0.02768827320311815
real,0.017835689637935945
reality,-0.003918440412898509
realize,-0.011970214694458949
realized,-0.0024108039288655717
really,0.007028957723570407
rear,0.009100347164066155
reason,-0.005222862307111064
reasonable,0.0007292432073655544
reasons,-0.011286747441585204
recall,-0.014969214139221237
recalled,-0.01741332781466802
receive,0.011168705934540932
received,0.006661103622989172
receiver,-0.0006440598416328944
recent,-0.0008427194804541425
recently,0.0045197579759231644
reckon,-0.0027802868102981665
recognize,0.008594586885928372
recognized,0.015714708188840694
record,0.010359751609197955
records,0.007862609094291238
recovered,0.014120194614340335
red,0.013361150930617577
reflected,-0.011965567537259606
refuse,0.001981743906622826
refused,0.008829740092925312
regard,0.005618170404266557
regarded,-0.015891128624779084
regret,0.015721971465637963
regular,-0.0029015976118566414
relationship,0.002201182559391297
relaxed,0.006220330108788864
release,-0.013979155730350471
released,-0.0012540879301155474
relief,0.009932156076959726
relieved,-0.013172216090109426
religious,-0.004008058721770854
remain,0.006486756112176679
remained,0.009775102515288481
remaining,0.01326146429817626
remains,-0.009884564621772885
remark,-0.0037126319541858892
remarkable,-0.005520607068643597
remarked,0.0021772733518100515
remember,-0.015338317393501243
remembered,-0.029100038258522636
remembering,-0.02354466051244416
reminded,0.0038361242918035737
remote,0.019312376061987935
removed,0.0015229849885158657
repeated,0.0017602421813102602
replaced,0.0065481487204319955
replied,-0.00748304396871974
reply,-0.008123412651346603
report,0.010199682950903411
reported,-0.0004468332257414582
reports,0.00833535235983543
reputation,-0.0019622302078964662
request,0.015205118299067174
required,0.001890742303681499
respect,0.00075484076314743
responded,-0.011324892046555882
response,0.0005549366509794676
responsibility,0.017932422112905567
responsible,0.021958916168670187
rest,0.04317064747114251
restaurant,0.00905352024002421
rested,-0.008121504083887659
resting,0.004996461872788327
result,-0.006162962682771478
resumed,0.0014387291973375644
return,0.021537374522783453
returned,-0.004821836511623369
returning,-0.008872965072172773
revealed,0.007359737054074458
revolver,0.006723175247415763
rich,-0.008011349585026322
richard,-0.0027876086228512845
rid,0.029182014203426893
ride,0.0034127748877903537
ridge,0.003801282081016436
ridiculous,-0.0027632343757728957
riding,-0.001672208098391907
rifle,0.01051003259858883
right,0.008096858863920295
rights,-0.013512676041790659
ring,0.020445331724262262
rise,0.011611753795842488
rising,-0.002801057481244465
risk,0.010573330142585366
river,0.0034553328731113954
road,0.006786785779016071
roads,0.006860380510260413
roar,-0.006272410828908771
roared,-0.022399848787232397
rob,-0.0021306077380237147
robe,0.004760957372856266
robert,0.0029909138384215366
robin,-0.006574232517474263
rock,-0.0029445702776460998
rocks,0.01533762865299716
rode,-0.008876696492197137
roger,-0.004961099832393488
roll,-0.009285418818541674
rolled,-0.0062064248022673015
rolling,-0.0060617132868963156
roman,-0.019609071155699626
rome,-0.01092382281805168
roof,-0.005704205586191253
room,0.005840558385269307
rooms,-0.0029290133436987286
rope,0.019869721050978485
rose,-0.011789865467411367
rough,-0.02313640399983331
round,0.0015800314202451
route,0.01793950222830982
routine,-0.021252401784927946
row,0.0007721561842051486
royal,-0.0087421928504067
rubbed,-0.005121568037760506
rule,-0.010595792928123855
rules,-0.00027259642046902787
run,0.018667442584802338
running,0.007247257680082224
runs,-0.02169249251059947
rush,-0.0005444220295253326
rushed,-0.008862923487526769
russian,-0.0008847007442800636
ruth,0.0032081215449641025
sacred,0.00698927471283401
sad,-0.003025900640835666
saddle,0.001778460227482423
sadly,0.01806188897523201
safe,0.027753517010192345
safely,0.00030571225018660307
safety,0.02764261240695063
said,0.021916011856674168
sail,0.007487484872018792
saint,-0.0034436998577931036
sake,0.015098411131138323
sally,-0.0025718509232794296
salt,-0.005679812524831414
sam,-0.0044395628120656415
san,-0.0031219253681228696
sand,0.008315491983070432
sandy,0.0015103802038401266
sang,0.00012535313742649242
sank,0.006503513943443647
sara,0.004024941969446476
sarah,0.002311845894440337
sat,-0.04154521885336615
satisfaction,0.022420897744337424
satisfied,0.005961984832472299
saturday,-0.008048332708976806
savage,-0.004028972077359508
save,0.002194215300228326
saved,0.013876576013031187
saw,-0.005051140963695302
say,0.006310143290444776
saying,0.0014556592324762704
says,-0.008794350067671708
scarcely,-0.003876844653555092
scared,0.0077097766250496386
scarlet,0.0006122975317181897
scattered,-0.0013144066356870223
scene,0.0033320306847577324
scent,0.0013033153942135218
school,-0.01184534916764595
science,-0.009690484585552082
scream,-0.0031439655783906803
screamed,0.007063840904282313
screaming,0.01511419649689424
screen,0.0014850183367624544
sea,0.015769249354920148
sean,-0.011576487686014818
search,0.01183861434734842
searched,0.0001647010737181606
searching,-0.0023578121136602847
season,0.0038516751732411173
seat,0.003270340055355051
seated,-0.01592123060807032
second,-0.008769554783945012
seconds,0.007640070710222358
secret,0.008990813309506154
secretary,0.004790757078112961
section,-0.0035977654492121195
secure,0.022524023670862627
security,-0.000391411419914871
seeing,0.001926739836543773
seek,-0.0038862136477342594
seeking,-0.0032056003086702194
seen,-0.001568372852265997
sees,-0.005132173252829387
seized,-0.013977969168789548
seldom,-0.022561191190513856
self,0.009950205807509296
sell,0.022134097697003186
senator,-0.007205686216080314
send,0.002598189146366127
sending,-0.008232934611634437
senior,0.0008581137034767069
sensation,0.0038812440597903734
sense,0.011909844953145907
sensed,-0.009976467320889502
senses,-0.007776464482702105
sent,0.0003092483380782901
sentence,0.0016429190378109935
separate,-0.004440309053342566
sergeant,-0.005829542437174944
series,-0.0036183240736689807
seriously,0.008285269907170323
servant,0.001368878738720755
servants,0.0032713467099159256
serve,-0.0073805290676069125
served,-0.0015147456428266698
service,0.0020745000972942716
set,0.0026279161954732974
setting,-0.01638112030247745
settle,0.020844163706187902
settled,-0.012770300929068642
seven,-0.025093417466229704
seventy,-0.0044286638782714575
sex,0.0024304183636614063
shade,0.0034084045414926843
shadow,0.007888832304458731
shadows,-0.0012626435727029054
shake,-0.010919578143330402
shaking,0.009679835270435498
shall,-0.0018245196318602281
shame,-0.0035308433677988934
shane,0.002037095848839962
shape,0.007365299582293801
shaped,-0.018112826844024845
share,0.021454874767982773
shared,-0.004691246057820652
sharp,-0.0031140629924964673
sharply,0.017705438030576875
shed,0.004720045818396903
sheep,-0.0016586741824853991
sheer,0.008371413082168207
sheet,-0.00442016639679821
sheets,-0.00015409817629241597
shell,0.0010796646945857838
shelter,0.006151440794684176
sheriff,-0.011713141467489035
shifted,-0.011458788313234521
shining,0.0069009772329757055
ship,-0.002736609234522815
ships,0.004884896065854458
shirt,0.005455365430189437
shit,-0.003874458229091879
shock,-0.0008149141165762382
shocked,0.018942538764515793
shoes,-0.002614674043752591
shone,-8.197581888117207e-05
shook,-0.032129474086644044
shoot,0.020766511142381927
shooting,0.021188421045849122
shop,0.013147581571939142
shore,0.006183120202933336
short,-0.02584448772674285
shortly,-0.010842431503054912
shot,0.020970400873803176
shoulder,0.0355525260720227
shoulders,-0.00041053333655890854
shouldn,-0.0057584714134536735
shout,-0.0026494194347540093
shouted,0.003068293137702956
shouting,0.017702356425273916
shoved,-0.0028114878834453283
showed,-0.007238552026672928
shower,-0.0006833701404079939
showing,-0.010534165320459825
shown,0.010348268200280187
shows,-0.0028265843316057676
shrugged,-0.016167529775687636
shut,-0.004878174829339238
shy,1.7370138669975562e-05
sick,0.008986430365320796
sides,0.009548521227471074
sidewalk,0.013678897116416061
sigh,0.00901197080618961
sighed,-0.0006565395299498914
sight,0.004109524096639058
sign,0.005929135591885548
signal,-0.0018319448089598805
signed,0.011217902391688793
signs,0.00248640352177629
silence,-0.013505674579207684
silent,0.010837832965366688
silently,0.0032407410113659955
silk,0.010225823949328725
silly,0.004054562053229595
silver,-0.012515657675084117
similar,0.0029428544915842303
simon,-0.004886442847909737
simple,-0.014963092431476628
simply,0.011935404756682408
sin,0.006680693576879243
sing,-0.003368136492488619
singing,0.0032605011850698326
single,-0.00529648356589551
sink,0.0024702806429997676
sir,-0.005945982638293386
sister,-0.0038229347042053165
sisters,-0.00405430192165952
sit,-0.009687721904331195
sitting,-0.022012892998025252
situation,0.005062291083859512
sixteen,-0.008804730661145123
size,-0.007399015209183148
skill,0.0019553282296361127
skin,-0.004093546525532318
skirt,0.0074878186135837
skull,0.00985984016419793
sky,0.01649867841592471
slammed,0.008871714324023275
sleep,0.03738297187315955
sleeping,0.006960824331432646
sleeve,0.01940028624496745
slender,-0.01786822724650835
slept,-0.004006135702500332
slid,-0.004794513438384919
slight,-0.015871156295854442
slightest,-0.0026405269353715084
slightly,-0.00011763821229728052
slim,-0.005979325305313297
slip,0.010054151237309858
slipped,-0.011165687718916708
slope,0.006604179714927935
slow,-0.007272965600930285
slowly,-0.009336137667438717
small,-0.020243028257871113
smaller,0.003725387244856307
smart,-0.004652921406803329
smell,-0.0020460857059305033
smelled,0.0024962679558095105
smile,0.003783521719200794
smiled,-0.004345181052854839
smiling,0.01471180292428754
smith,-0.0008441900706558957
smoke,0.00010407040747658753
smoking,0.01759791035546565
smooth,-0.003635678709292292
snake,-0.0031658443053195736
snapped,-0.010615948890565795
snow,0.01318922010440565
social,-0.0018196431940298219
society,-0.000970240181565958
sofa,0.013675049100101585
soft,-0.019223973585914482
softly,0.02141565070318001
sold,0.003804850981167435
soldier,-0.006127394042341352
soldiers,0.00394786032153519
solid,0.002001212685213431
somebody,0.0010232428700084617
somewhat,-0.0020643699358872795
son,0.00650810417276995
song,-0.0017499020754639606
sons,-0.0054144587818928175
soon,-0.0023299334107973156
sooner,-0.0034906846914205445
sorrow,0.0075537456849308566
sorry,-0.027524247252217325
sort,0.017422943153468238
sought,-0.0023128692984356277
soul,0.0021215429024997977
sound,0.014983997919272088
sounded,0.015822256652700994
sounds,-0.023778290300817257
source,0.008355013432622434
south,0.010376719794437446
southern,0.009486145798710523
space,4.411057596579368e-05
spanish,0.006090174071398991
spare,-0.014323244391231895
speak,0.01921351430302977
speaking,0.013121425749769433
special,-0.0011332732490250987
speech,0.0014194645561406974
speed,0.010436977432649553
spell,0.0021926391670486246
spend,-0.003103766648249071
spent,-0.033599463955845406
spirit,0.007804619685035985
spirits,0.0024317960092609184
spite,-0.013231362689269199
splendid,0.010837476501013863
split,0.011236179329425177
spoke,-0.01017652096910224
spoken,0.0051875820289095835
spot,0.01353070089235871
sprang,-0.006341669680277819
spread,-0.022421891585059917
spring,0.009771227457062348
square,-0.004042413891567699
st,-0.00865559396354372
stable,0.006220326314688963
staff,0.004352608779529882
stage,0.008595833819441444
stained,0.018079605666882458
stairs,0.02563141686037319
stand,0.008863191429667603
standing,-0.03454307661746315
stands,-0.014076611612730506
star,0.010673463482970123
stare,0.0009415509129753749
stared,-0.021945698091317172
staring,0.012046657584578527
stars,0.01126489221926838
start,-0.0022403638337972448
started,-0.004431517973922274
starting,0.008420873485062385
startled,-0.002415075879988499
state,0.018216212120418258
statement,-0.004998111841741309
states,0.007271351965554315
station,-0.0026225432903734447
stay,0.032287402358218954
stayed,0.009301500077461392
staying,0.009886813253665874
steadily,0.009914058796163755
steady,0.0021177712746294716
steal,-0.0021414210447614646
steel,-0.0014398599829538834
steep,-0.01373818065731953
step,0.0027830383443702192
stephen,-0.0024803902544135873
stepped,-0.005273150406527476
steps,0.02114660223511375
stern,0.001125387895675871
stick,0.006021560372890605
stiff,-0.014286970071754054
stirred,0.0006158776991358587
stock,-0.0018917042303577155
stole,-0.003474304432004775
stolen,0.01548169250793617
stomach,-0.006807064806083273
stone,0.005787320714736547
stones,0.0153987345975872
stood,-0.030448565247802296
stop,0.011119278106298026
stopped,-0.01267182583983311
stopping,-0.006233818307667629
store,0.009432246347197264
stories,0.003179568712468263
storm,0.009157227684730993
story,0.0023558534547377203
stove,-0.005939724012195605
straight,-0.0055014793025093345
straightened,-0.017374502980252445
strain,0.015063963143108617
strained,-0.002443952233213793
strange,-0.02575825558790275
strangely,0.003562268076463649
stranger,-0.005508698456923701
strangers,0.002684905837110531
straw,0.0054303545201632485
stream,0.002134885969231137
street,0.006392537682858742
streets,-0.00441234786042262
strength,0.0056081341239847555
stretch,-0.018048357134852828
stretched,-0.01952304950283889
strike,0.001200494798214003
striking,-0.005586103627846703
string,0.012222813644995594
strode,-0.014854613307686998
strong,0.0007103929026731913
stronger,0.01063196008305797
struck,0.0025655138962193433
struggle,0.014184039559095156
struggled,-0.021853243663400954
struggling,0.005835618626559215
stuck,-0.006306404165012633
student,-0.012704395667853283
students,-0.006787617716782583
studied,-0.02423028736533816
studio,0.006623159255975215
study,0.0040248843783368855
studying,-0.014305545541260038
stuff,0.016355148708951665
stumbled,-0.008886492159781954
stupid,0.0032711266507460535
style,-0.016363847705842056
subject,0.00836137931653396
succeeded,-0.0044146071127917205
success,0.02793019525521329
successful,0.01491382127552014
sudden,-0.025125106595760397
suddenly,-0.022838058792665233
suffer,0.024917308198971387
suffered,0.003818125352133912
suffering,0.0054468879117045114
sufficient,0.010663289264326286
sugar,0.009226439480432566
suggest,-0.01807878029586874
suggested,0.016589204197415355
suggestion,-0.00868360443995757
suicide,-0.00971137344186526
suit,0.0045186800269464015
suitcase,-0.006731970455439798
summer,0.010066328643039855
sun,-0.00538099739776296
sunday,0.011960347512839212
sunlight,-0.004344142912615584
sunshine,0.00044619087611295905
superior,0.002316596420689358
supper,0.005342644308165171
supply,0.002211013062701489
support,0.0119181273605105
suppose,-0.018247212630324743
supposed,-0.02188187459431743
sure,-0.02084530777399016
surely,-0.0168843301176171
surface,0.011534416956457193
surprise,-0.001701554417517534
surprised,-0.0021773594220123233
surrounded,-0.019388679490971703
susan,-0.001203158365252425
suspect,0.020547364312649932
suspected,-0.0010467461332571704
suspicion,0.004818544416028565
suspicious,0.008046737887513094
swallowed,-0.011465249670184533
swear,0.003360653445075728
sweat,-0.00640910398083977
sweet,0.0007966315337457411
swept,-0.006519808371698233
swift,0.001541812161596973
swiftly,-0.015125388525685107
swimming,0.005388994616851225
swing,-0.01013840466265894
swinging,-0.013468389486564824
sword,0.001447526334639209
swung,-0.015388048884063105
sympathy,0.0004176905558743948
ta,0.00350440243616072
table,0.007613275195788915
tables,-0.010642082848564665
tail,0.007003864990050096
taken,0.001719721690706443
takes,-0.02422672877420378
taking,-0.011268472475023687
tale,0.0013537797595603446
talk,0.018410875728324252
talked,-0.010645175297870995
talking,0.010191069349201318
tall,-0.05148120851005951
tape,0.02374867409470872
task,-0.00993857340504151
taste,-0.0016091652407951899
taught,0.0052253600107527234
taxi,0.011495196556291934
tea,0.013733234971443142
teach,0.010794731171339136
teacher,-0.0006482845295365818
team,-0.005182066648634463
tear,0.0073258718851684
tears,0.007188652350549061
ted,-0.006377098105996245
teeth,0.010542377677007456
telephone,0.001024792590980497
television,-0.0038707114946559098
tell,-0.0003976256994883636
telling,0.008605503815833403
tells,-0.00519335936444825
temper,-0.00650268399491045
temple,-0.0035650497803017553
tender,-0.004630428573552881
tension,-0.0064520766432437605
tent,-0.0004941004159159576
term,-0.0038478234829110343
terms,0.017267632250585068
terrible,0.010744349198089392
terribly,0.02785749680638364
terror,-0.003658432709025757
test,-0.00447413605116911
th,0.001299582007868001
thank,-0.05438999902888675
thanks,-0.023812397428076736
thee,-0.014236339457118028
theory,0.003640056903537906
thing,0.012720704954534817
things,0.023122500201208766
think,-0.0077368463875199045
thinking,-0.02218561817319753
thinks,-0.001925279145693213
thirty,-0.0027051058734140513
thomas,0.006214400373607191
thoroughly,-0.007382898747559719
thou,-0.00983528736546103
thought,-0.012018553017706496
thoughtfully,0.0026868945449167684
thoughts,-0.01173640109942276
thousand,-0.0013690524805316222
thousands,-0.006853615781957275
threat,0.01464788999403857
threatened,0.002014620511290217
threw,0.0011195976323347772
throat,0.025349186880282988
throw,0.003639003765053767
throwing,0.0037626792609495004
thrown,0.005782813333822602
thrust,-0.02104023172489216
thumb,-0.005999510292180948
thunder,-0.005732695637848225
thursday,-0.00029493068567793793
tide,0.011597998677103242
tie,0.005839536895931737
tied,0.01475410100882147
tight,-0.007798842952071146
tightly,-0.005416251221661855
till,0.0008521299448018843
time,0.0032911890962504346
times,-0.018212129781051217
tin,0.006783291621931763
tiny,-0.0028308743060611236
tip,-0.004877971477783771
tired,0.0008705111142461541
title,-0.021451622385193662
tm,0.011901346437338341
tobacco,-0.0011963393509674687
today,0.010680453768264977
told,-0.0007819080354663591
tom,-0.004970981081806604
tommy,0.0013625655007250559
tomorrow,0.0399596434949733
tone,0.004594639743973369
tones,0.008175988016324503
tongue,0.0006050400741035315
tonight,0.021061765916497034
tony,-0.0063387935858846296
took,-0.055588586575214344
tore,-0.008627255947182853
torn,0.0013807607852365396
tossed,-0.014615885832386767
total,-0.004552231041616906
touch,0.014512494448109018
touched,0.008136376514088283
touching,-0.00042139525631514893
tough,-0.001218983838211346
tower,0.005945905789803067
town,0.005650158154199394
trace,-0.0046014596613056305
track,0.006111798900254239
tracks,0.006150181104450397
trade,-0.0007948141873406173
traffic,0.011026511993556382
tragedy,0.0034656387191311336
trail,-0.0030836304461027996
train,0.0022978872479734688
trained,-0.02432446292713928
training,-0.004344043815704461
trap,0.01925803663848594
travel,0.010692797409950218
tray,-0.005034474604783521
treat,0.007053112146856425
treated,-0.008108142780442898
tree,0.007974557869379674
trees,0.005402959986568048
trembled,0.005189758688909499
trembling,-0.0030524065860971935
trial,0.01241432420461904
trick,0.004935871542725396
tried,-0.025025686751642053
trip,0.013104441423098785
triumph,0.02178135588429324
troops,-0.006655478642660312
trouble,0.014096563683912674
troubled,-0.011952898116079061
trousers,-0.0034862928985908027
truck,0.009791511891288317
true,-0.012527110710778446
truly,0.003495442397900126
trunk,0.006341782011531398
trust,-0.00723779189507538
truth,0.002593162768755373
try,-0.0014137998836674327
trying,-0.006808720439187968
turn,-0.0004640527188346172
turned,-0.025776077334217818
turning,-0.018135830698923043
turns,-0.0030363604118353537
tv,-0.005318793645866203
twice,-0.010354674506048314
twisted,-0.002808476652939714
type,-0.0014629965618714533
ugly,-0.002860209334832823
uh,-0.018598141379330236
unable,0.00848456448956872
uncle,-0.00895541486634228
uncomfortable,-0.00015813794821157537
unconscious,0.007588674231406549
understand,0.01272252764709847
understanding,0.008605890246848685
understood,8.791867109551764e-05
uneasy,-0.00841050435502738
unexpected,0.002105478354280653
unhappy,0.010851927103577326
uniform,-0.0046922928479874925
union,-0.005569874388136883
united,0.0030868329783489985
universe,0.010755745007421144
university,0.0025376810807318717
unknown,-0.0001922365115020715
unless,0.009444034417754363
unlike,-0.021617951397902197
unusual,-0.018105267390534252
upper,-0.00538185816618987
upset,0.027253623391990504
upstairs,0.007991828278816426
upward,0.009545433611129708
urged,-0.012676889104455195
use,0.0004531849066190312
used,-0.010629157269771731
useful,0.014133838088517437
useless,-0.00509953890825222
using,-0.00843323790162628
usual,-0.007937293115580037
usually,-0.03138176551407115
utter,0.0034832315356535023
utterly,0.004520865088334686
vague,0.0030699826167298622
vaguely,0.000585919670954527
valentine,0.0050254545069339145
valley,0.00619077707586004
value,-0.0006161668325732851
van,0.010537825164925806
vanished,0.023179048680787316
various,-0.008294794393428066
vast,-0.002699277752153448
ve,-0.030524146041662207
velvet,-0.004724125489980936
victim,0.003874286867506493
victory,0.019766163539908004
view,-0.0030059988236434566
village,-0.006338043663466025
violence,0.009102352768871752
violent,0.0028323426177733306
virginia,-0.0011662789436049938
visible,-0.0006956107388253716
vision,0.005428681458310752
visit,0.02098409888489909
visited,-0.002306751482158261
visitor,-0.009987677280295482
voice,0.012406015886068983
voices,0.0011872513128274712
wagon,-0.002143103714132069
waist,0.00020394365539148972
wait,-0.0031484811651604104
waited,-0.005596813815800059
waiter,-0.00475410334502358
waiting,0.020354145834286023
wake,-0.014333352018901332
walk,-0.005451063159597346
walked,-0.019992375641850704
walking,-0.010500567810347507
wall,0.015929436580461427
walls,-0.007176445297661709
walter,-0.0022614215303003522
wandered,-0.01619296792541992
want,-0.011167405372039514
wanted,0.0019450923701592982
wanting,0.0008671576376683798
wants,-0.009191350202961737
war,0.0019226837743876585
ward,0.009656758889753264
warm,-0.00014148233936180305
warmth,-0.014137269178939404
warned,-0.005661448839924515
warning,-0.003635173234265957
wash,0.017526813654863187
washed,-0.004079336565306984
washington,-2.0704482670591043e-05
wasn,-0.007345039070820107
waste,-0.0054667052365165725
watch,0.006206624257685603
watched,-0.027676332979565718
watching,0.017073114754693485
water,0.018616903747113764
waters,-0.0008751032143371637
wave,0.014201519602375524
waved,-0.0007616041577221908
waves,0.0023351871073812353
waving,0.012901203645158272
way,0.023096942835524954
ways,0.007237326973430791
weak,0.009740662676215884
wealth,-0.012934274045304665
weapon,0.013809310601053814
weapons,0.022577809878514755
wear,0.0014091283530109529
wearing,-0.013067865547104643
weary,-0.003984934457232162
weather,-0.012533561847414736
wedding,0.020577058820596874
week,0.0011600910578602013
weeks,-5.281715360443061e-05
weight,0.004146205825392389
welcome,-0.005587945322089038
went,-0.017060136860592778
weren,0.0035266760121637724
west,0.005551057487942069
western,0.003053273490345708
wet,0.007997117327659417
wheel,0.013462658957267679
wheels,-0.008456541797823762
whiskey,-0.005256889333759465
whisper,0.012319308838374045
whispered,0.025339451283593165
white,0.009424220028811726
wide,-0.009800403464787008
widow,-0.004784657517309941
wife,-0.0014071356650375798
wild,0.00450309190198276
wildly,0.02836651675903484
william,-0.009309090878248792
willing,-0.005384557612806382
wilson,0.0046748223536354876
win,0.020141501831857304
wind,0.008225462537311119
window,0.0007866989742406737
windows,-0.004745052022163461
wine,0.02296887079821786
wing,0.005694863112054705
wings,-0.00919349314754579
winter,0.00015894792900027942
wiped,-0.004167507658929636
wire,-0.006281569558931655
wisdom,-0.002793533147993519
wise,-0.001373400402222289
wish,-0.02754241468983812
wished,-0.004080980214252502
witness,0.018811456513977705
wives,0.006286488223093698
wo,-0.002235982234168872
woke,-0.016114714475177816
wolf,-0.008305333886126599
woman,0.004002338797679644
women,-0.0020123904460632156
won,0.009207471204161785
wonder,-0.016237862299801075
wondered,-0.016799687301973572
wonderful,-0.010526599258917897
wondering,-0.005870548410984405
wood,0.01112071288390264
wooden,0.005923149331294019
woods,0.00039294397010997844
word,0.022920437781310404
words,-0.010745557183155442
wore,-0.023840338716677855
work,0.02647003140779127
worked,-0.029659380447684507
working,-0.020445540350805032
works,0.016704639414931447
world,0.023818348667978512
worn,0.014960985324367966
worried,0.007565423919902455
worry,-0.005514440633368166
worse,0.024563438370407895
worst,-0.005834687917275075
worth,0.019263286765781436
wouldn,0.006858647797877416
wound,0.0015120709531782621
wounded,0.002457822685145461
wrapped,-0.008585919149435187
wrist,0.01486745735415891
write,0.019548496435307927
writer,-0.00925077159197279
writing,0.010599739113401703
written,0.02666141782359889
wrong,0.03785855382232434
wrote,-0.00011008998821110955
yard,0.017070486488975797
yards,0.010538391255490711
ye,-0.006436515500101727
yeah,-0.025620242759386465
year,-0.01981233461614122
years,-0.016804485454919003
yelled,0.004618458336347167
yellow,0.0002971247235171805
yes,-0.06433441457176935
yesterday,0.005457855654273037
york,0.015588600265937528
young,-0.03546328867179759
younger,-0.0053450889520942095
youth,-0.0162178419849825
