BOOK_ID,PUBL_DATE,SUBSET,P(INIT)_INIT,P(INIT)_FINAL
2032,1901,SENT,0,1
2076,1901,PARG,0,1
2090,1901,SENT,0,1
2099,1901,NOVL,0,0
2106,1901,PARG,1,1
2124,1901,PARG,0,1
2141,1901,NOVL,0,1
2147,1901,SENT,0,1
2148,1901,NOVL,0,1
2156,1901,SENT,0,1
2167,1901,PARG,0,1
2194,1902,PARG,0,1
2225,1902,SENT,0,1
2237,1902,SENT,0,1
2252,1902,SENT,0,1
2264,1902,SENT,0,1
2273,1902,NOVL,1,1
2299,1902,PARG,0,1
2304,1902,NOVL,0,0
2309,1902,PARG,0,1
2319,1903,SENT,0,1
2356,1903,SENT,0,1
2361,1903,NOVL,0,1
2364,1903,NOVL,0,1
2372,1903,PARG,0,1
2383,1903,PARG,0,1
2414,1903,SENT,0,1
2427,1903,PARG,0,0
2444,1903,PARG,0,1
2445,1903,SENT,0,1
2447,1903,NOVL,0,1
2448,1904,NOVL,0,1
2475,1904,SENT,0,1
2477,1904,SENT,0,1
2494,1904,NOVL,1,1
2495,1904,PARG,0,1
2505,1904,PARG,0,1
2519,1904,PARG,0,1
2521,1904,NOVL,0,0
2535,1904,NOVL,1,1
2553,1904,PARG,0,1
2570,1904,SENT,0,1
2579,1905,SENT,0,1
2597,1905,NOVL,0,1
2612,1905,NOVL,1,1
2615,1905,PARG,0,1
2646,1905,NOVL,1,1
2652,1905,PARG,0,1
2676,1905,SENT,0,1
2680,1905,SENT,0,1
2691,1905,NOVL,0,1
2692,1905,PARG,0,1
2700,1905,SENT,0,1
2703,1905,PARG,0,1
2712,1906,NOVL,1,1
2727,1906,SENT,0,1
2733,1906,PARG,0,1
2734,1906,NOVL,0,0
2738,1906,NOVL,0,1
2761,1906,PARG,0,1
2787,1906,SENT,0,1
2792,1906,SENT,0,1
2797,1906,PARG,0,1
2801,1906,SENT,0,1
2837,1906,PARG,0,1
2842,1907,SENT,0,1
2846,1907,SENT,1,1
2856,1907,NOVL,0,1
2869,1907,SENT,0,1
2887,1907,NOVL,1,1
2889,1907,NOVL,0,1
2908,1907,PARG,0,1
2913,1907,SENT,0,1
2942,1907,PARG,0,1
2945,1907,PARG,0,1
2949,1907,PARG,0,1
2969,1908,NOVL,1,1
2971,1908,NOVL,0,1
2980,1908,SENT,0,1
2986,1908,PARG,0,1
2987,1908,NOVL,0,1
3001,1908,PARG,0,1
3002,1908,SENT,0,1
3011,1908,PARG,0,1
3014,1908,NOVL,0,1
3039,1908,PARG,1,1
3042,1908,SENT,0,1
3054,1908,SENT,0,1
3067,1909,PARG,0,1
3081,1909,NOVL,0,1
3082,1909,SENT,0,1
3083,1909,PARG,0,1
3090,1909,NOVL,1,1
3095,1909,NOVL,0,1
3100,1909,SENT,0,1
3122,1909,PARG,0,1
3166,1909,PARG,0,1
3170,1909,SENT,0,1
3185,1909,SENT,0,1
3217,1910,SENT,0,1
3218,1910,PARG,0,1
3238,1910,SENT,0,1
3246,1910,NOVL,1,1
3251,1910,SENT,0,1
3264,1910,NOVL,1,1
3267,1910,PARG,0,1
3269,1910,NOVL,1,1
3270,1910,PARG,0,1
3279,1910,PARG,0,1
3285,1910,NOVL,0,0
3293,1910,SENT,0,1
3329,1911,NOVL,0,0
3352,1911,NOVL,0,1
3354,1911,NOVL,0,0
3356,1911,SENT,0,1
3362,1911,PARG,0,1
3378,1911,PARG,0,1
3381,1911,SENT,0,1
3382,1911,PARG,0,1
3420,1911,SENT,0,1
3443,1911,SENT,0,1
3444,1911,PARG,0,1
3447,1912,PARG,0,1
3467,1912,NOVL,1,0
3489,1912,NOVL,0,1
3497,1912,PARG,0,1
3504,1912,NOVL,0,0
3521,1912,SENT,0,1
3531,1912,SENT,0,1
3537,1912,NOVL,1,1
3545,1912,SENT,0,1
3553,1912,SENT,0,1
3554,1912,PARG,0,1
3571,1913,NOVL,1,1
3591,1913,SENT,0,1
3596,1913,NOVL,0,1
3619,1913,SENT,0,1
3620,1913,NOVL,1,1
3621,1913,NOVL,1,1
3623,1913,SENT,0,1
3645,1913,PARG,0,1
3648,1913,PARG,0,1
3650,1913,PARG,0,1
3653,1913,SENT,0,1
3681,1913,PARG,0,1
3699,1914,SENT,0,1
3700,1914,NOVL,0,0
3708,1914,SENT,0,1
3716,1914,NOVL,0,1
3744,1914,PARG,0,1
3750,1914,PARG,0,1
3758,1914,SENT,0,1
3785,1914,SENT,0,1
3787,1914,NOVL,1,1
3794,1915,SENT,0,1
3804,1915,SENT,0,1
3848,1915,NOVL,0,1
3849,1915,PARG,1,1
3859,1915,PARG,1,1
3863,1915,NOVL,0,0
3864,1915,SENT,0,1
3867,1915,PARG,0,1
3880,1915,SENT,0,1
3882,1915,PARG,0,1
3886,1915,NOVL,1,1
3891,1915,NOVL,0,1
3914,1916,SENT,0,1
3919,1916,SENT,0,1
3920,1916,NOVL,0,1
3953,1916,SENT,0,1
3960,1916,NOVL,0,1
3966,1916,NOVL,0,0
3990,1916,PARG,0,1
4005,1916,SENT,0,1
4016,1916,NOVL,1,0
4023,1916,PARG,1,1
4030,1916,PARG,1,1
4033,1916,PARG,0,1
4044,1917,NOVL,1,1
4056,1917,SENT,0,1
4062,1917,PARG,0,1
4075,1917,NOVL,1,1
4099,1917,SENT,0,1
4100,1917,PARG,0,1
4103,1917,NOVL,0,1
4104,1917,NOVL,0,1
4112,1917,PARG,0,1
4114,1917,SENT,0,1
4122,1917,PARG,0,1
4163,1918,NOVL,0,1
4166,1918,NOVL,0,1
4171,1918,PARG,0,0
4193,1918,PARG,0,1
4205,1918,PARG,0,0
4209,1918,SENT,0,1
4213,1918,SENT,0,1
4225,1918,PARG,0,1
4236,1918,NOVL,0,1
4245,1918,SENT,0,1
4260,1918,SENT,0,1
4261,1918,NOVL,0,1
4273,1919,SENT,0,1
4297,1919,NOVL,0,1
4299,1919,NOVL,1,1
4325,1919,PARG,0,1
4335,1919,PARG,0,1
4336,1919,SENT,0,1
4338,1919,NOVL,1,1
4351,1919,SENT,0,1
4357,1919,SENT,0,1
4381,1919,PARG,0,1
4402,1920,SENT,0,1
4406,1920,NOVL,0,1
4414,1920,PARG,0,1
4456,1920,NOVL,0,0
4472,1920,SENT,0,1
4475,1920,SENT,0,1
4479,1920,NOVL,0,1
4487,1920,PARG,0,1
4494,1920,NOVL,0,1
4503,1920,SENT,0,1
4505,1920,PARG,0,1
4520,1921,NOVL,1,1
4522,1921,SENT,0,1
4523,1921,PARG,0,1
4527,1921,SENT,0,1
4530,1921,SENT,0,1
4534,1921,SENT,0,1
4543,1921,NOVL,0,0
4579,1921,PARG,0,1
4596,1921,PARG,0,1
4598,1921,NOVL,0,0
4617,1921,NOVL,0,1
4633,1921,PARG,0,1
4639,1922,SENT,0,1
4642,1922,SENT,0,1
4656,1922,SENT,0,1
4665,1922,PARG,0,1
4666,1922,NOVL,1,1
4673,1922,PARG,0,1
4680,1922,NOVL,0,1
4711,1922,NOVL,1,1
4714,1922,PARG,0,1
4744,1922,SENT,0,1
4760,1922,NOVL,0,1
4813,1901,NOVL,0,0
4816,1902,PARG,0,1
4817,1902,NOVL,1,1
4818,1902,NOVL,0,1
4819,1903,NOVL,1,1
4824,1904,SENT,0,1
4829,1906,NOVL,1,0
4833,1907,NOVL,1,1
4837,1909,NOVL,0,0
4844,1911,NOVL,0,1
4848,1912,PARG,0,1
4852,1914,NOVL,1,1
4853,1914,PARG,0,1
4854,1914,PARG,0,1
4863,1917,SENT,0,1
4868,1919,NOVL,0,1
4869,1919,PARG,0,1
4872,1920,PARG,0,1
4877,1922,PARG,0,1
10013,1923,NOVL,0,0
10047,1927,NOVL,0,1
10080,1929,NOVL,0,1
10087,1931,NOVL,0,1
10140,1938,SENT,0,1
10209,1923,PARG,0,1
10211,1923,NOVL,1,1
10215,1924,NOVL,0,0
10218,1924,PARG,0,1
10220,1924,PARG,0,1
10221,1924,PARG,0,0
10223,1924,PARG,0,1
10228,1924,NOVL,0,0
10229,1924,SENT,0,1
10231,1924,NOVL,0,0
10233,1925,PARG,0,1
10239,1925,SENT,0,1
10241,1925,SENT,0,1
10244,1925,NOVL,1,1
10247,1925,SENT,0,1
10257,1926,NOVL,0,0
10258,1926,NOVL,0,0
10260,1926,PARG,0,1
10263,1926,NOVL,0,1
10266,1927,SENT,0,1
10268,1927,PARG,0,1
10274,1927,SENT,0,1
10281,1927,NOVL,0,1
10283,1928,PARG,0,1
10287,1928,NOVL,1,1
10288,1928,SENT,0,1
10294,1928,SENT,0,1
10298,1928,SENT,0,1
10305,1929,NOVL,0,1
10307,1929,PARG,0,1
10314,1929,NOVL,0,1
10325,1930,NOVL,1,1
10327,1930,SENT,0,1
10328,1930,SENT,0,1
10333,1930,NOVL,0,0
10335,1930,NOVL,1,1
10337,1930,PARG,0,1
10338,1930,PARG,0,1
10339,1930,PARG,0,1
10342,1931,SENT,0,1
10355,1931,PARG,0,1
10364,1931,NOVL,0,0
10366,1931,NOVL,0,1
10373,1932,PARG,0,1
10374,1932,NOVL,1,1
10375,1932,NOVL,0,0
10391,1932,SENT,0,1
10395,1933,PARG,0,1
10404,1933,PARG,0,1
10416,1933,NOVL,0,0
10420,1933,PARG,0,1
10421,1933,PARG,0,1
10424,1933,SENT,0,1
10425,1933,NOVL,1,1
10445,1934,PARG,0,1
10450,1934,PARG,0,1
10458,1934,SENT,0,1
10460,1934,PARG,0,1
10462,1934,NOVL,0,0
10463,1934,NOVL,0,0
10466,1935,NOVL,0,1
10467,1935,NOVL,0,0
10470,1935,PARG,0,1
10471,1935,SENT,0,1
10472,1935,SENT,0,1
10473,1935,PARG,0,1
10481,1935,NOVL,0,0
10500,1936,NOVL,0,0
10504,1936,SENT,0,1
10511,1936,PARG,0,1
10519,1937,PARG,0,1
10528,1937,SENT,0,1
10531,1937,PARG,0,0
10534,1937,NOVL,0,1
10535,1937,SENT,0,1
10539,1938,NOVL,0,1
10546,1938,SENT,0,1
10552,1938,NOVL,0,1
10554,1938,NOVL,1,1
10565,1938,PARG,0,1
10577,1939,NOVL,0,1
10580,1939,PARG,0,1
10590,1939,SENT,0,1
10591,1939,SENT,0,1
10594,1940,PARG,0,1
10599,1940,SENT,0,1
10602,1940,PARG,0,1
10603,1940,SENT,0,1
10612,1940,SENT,0,1
10615,1940,NOVL,0,1
10619,1940,SENT,0,1
10630,1941,NOVL,0,1
10636,1941,PARG,0,0
10643,1941,SENT,0,1
10647,1941,NOVL,0,0
10656,1942,NOVL,1,1
10657,1942,PARG,0,1
10659,1942,PARG,0,1
10663,1942,NOVL,0,1
10670,1942,NOVL,1,1
10679,1942,PARG,0,1
10689,1942,SENT,0,1
10692,1942,SENT,0,1
10695,1943,PARG,1,1
10703,1943,SENT,0,1
10706,1943,SENT,0,1
10709,1943,NOVL,1,1
10710,1943,SENT,0,1
10715,1943,NOVL,1,1
10720,1943,SENT,0,1
10724,1943,NOVL,0,1
10730,1943,PARG,1,1
10731,1944,SENT,0,1
10735,1944,SENT,0,1
10741,1944,NOVL,0,1
10744,1944,PARG,0,1
10751,1944,NOVL,0,1
10752,1944,NOVL,1,1
10754,1944,SENT,1,1
10765,1945,NOVL,0,0
10782,1945,SENT,0,1
10784,1945,PARG,0,1
10793,1945,SENT,0,1
10796,1945,NOVL,0,0
10798,1946,SENT,0,1
10809,1946,SENT,0,1
10818,1946,NOVL,1,1
10826,1946,NOVL,0,0
10845,1947,NOVL,0,0
10846,1947,PARG,0,1
10872,1947,PARG,0,1
10874,1947,SENT,0,1
10876,1947,SENT,0,1
10883,1948,SENT,0,1
10886,1948,SENT,0,1
10903,1948,NOVL,0,1
10906,1948,SENT,0,1
10908,1948,SENT,0,1
10928,1949,NOVL,0,1
10931,1949,PARG,0,1
10938,1949,SENT,1,1
10952,1949,PARG,0,1
10953,1949,NOVL,0,1
10954,1949,PARG,0,1
10958,1949,PARG,0,1
10966,1949,SENT,0,1
10969,1950,SENT,0,1
10972,1950,SENT,0,1
10973,1950,PARG,0,1
10975,1950,NOVL,0,1
10978,1950,NOVL,1,1
10983,1950,PARG,0,1
11003,1950,PARG,0,1
11016,1923,SENT,0,1
11017,1923,SENT,0,1
11020,1924,SENT,0,1
11023,1925,PARG,0,1
11025,1926,NOVL,1,0
11030,1927,NOVL,1,1
11038,1930,NOVL,0,1
11042,1931,PARG,1,1
11046,1933,SENT,0,1
11053,1935,PARG,0,1
11056,1936,NOVL,1,1
11058,1937,PARG,0,1
11070,1941,PARG,0,1
11079,1944,PARG,0,1
11082,1945,SENT,0,1
11084,1945,PARG,0,1
11085,1946,PARG,0,1
11089,1947,NOVL,1,1
11090,1947,PARG,0,1
11091,1948,NOVL,1,1
11093,1948,PARG,0,1
11096,1949,SENT,0,1
11099,1950,SENT,0,1
11101,1940,NOVL,0,0
11102,1942,SENT,0,1
11104,1923,SENT,0,1
11105,1923,SENT,0,1
11106,1923,NOVL,0,0
11108,1923,PARG,0,1
11111,1923,NOVL,0,0
11115,1923,PARG,0,1
11118,1923,PARG,0,1
11125,1924,NOVL,1,1
11136,1924,SENT,0,1
11139,1924,SENT,0,1
11145,1925,NOVL,1,1
11146,1925,PARG,0,1
11149,1925,NOVL,1,1
11150,1925,SENT,0,1
11157,1925,PARG,0,1
11159,1925,NOVL,0,1
11164,1926,PARG,0,1
11168,1926,SENT,0,1
11174,1926,SENT,0,1
11175,1926,PARG,0,1
11176,1926,SENT,0,1
11181,1926,PARG,0,1
11186,1926,SENT,0,1
11196,1927,PARG,0,1
11200,1927,NOVL,1,1
11201,1927,SENT,0,1
11204,1927,SENT,0,1
11206,1927,PARG,0,1
11211,1927,PARG,0,1
11217,1928,NOVL,0,1
11219,1928,PARG,0,1
11225,1928,PARG,0,1
11234,1928,NOVL,1,1
11236,1928,NOVL,0,0
11239,1928,PARG,0,1
11241,1928,SENT,0,1
11245,1929,PARG,0,1
11251,1929,SENT,0,1
11253,1929,SENT,0,1
11259,1929,SENT,0,1
11261,1929,PARG,0,1
11266,1929,PARG,0,1
11270,1929,SENT,0,1
11274,1929,NOVL,0,0
11284,1930,SENT,0,1
11303,1930,SENT,0,1
11312,1930,PARG,0,1
11314,1931,NOVL,0,0
11318,1931,SENT,0,1
11319,1931,PARG,0,1
11324,1931,PARG,0,1
11334,1931,SENT,0,1
11340,1931,SENT,0,1
11354,1932,SENT,0,1
11358,1932,SENT,1,1
11360,1932,PARG,0,1
11365,1932,PARG,0,1
11366,1932,PARG,0,1
11370,1932,NOVL,0,0
11374,1932,NOVL,1,1
11385,1932,SENT,0,1
11395,1933,SENT,0,1
11407,1933,NOVL,0,0
11418,1933,NOVL,0,1
11419,1933,SENT,0,1
11421,1934,NOVL,0,0
11433,1934,SENT,0,1
11434,1934,SENT,0,1
11442,1934,SENT,0,1
11450,1934,NOVL,0,1
11452,1934,PARG,0,1
11459,1935,NOVL,0,0
11469,1935,SENT,0,1
11473,1935,PARG,0,1
11475,1935,SENT,0,1
11485,1936,PARG,0,1
11494,1936,NOVL,0,0
11500,1936,PARG,0,1
11501,1936,NOVL,0,1
11503,1936,SENT,0,1
11516,1936,SENT,0,1
11517,1936,PARG,0,1
11518,1936,SENT,0,1
11530,1937,NOVL,0,1
11536,1937,PARG,0,1
11540,1937,NOVL,0,1
11544,1937,SENT,0,1
11545,1937,NOVL,0,1
11550,1937,SENT,0,1
11556,1938,SENT,0,1
11564,1938,PARG,0,1
11566,1938,PARG,0,1
11581,1938,NOVL,0,0
11582,1938,SENT,0,1
11588,1938,PARG,0,1
11594,1939,NOVL,0,1
11599,1939,NOVL,1,1
11604,1939,SENT,0,1
11605,1939,NOVL,0,1
11611,1939,PARG,0,1
11623,1939,PARG,0,0
11629,1939,PARG,0,1
11633,1939,SENT,0,1
11638,1940,NOVL,0,0
11644,1940,PARG,0,1
11651,1940,NOVL,0,1
11666,1940,PARG,0,1
11671,1941,PARG,1,1
11672,1941,SENT,0,1
11674,1941,NOVL,0,0
11676,1941,SENT,0,1
11691,1941,SENT,0,1
11692,1941,NOVL,0,1
11694,1941,PARG,0,1
11704,1942,PARG,0,1
11706,1942,SENT,0,1
11713,1942,NOVL,0,1
11729,1943,NOVL,0,0
11731,1943,PARG,0,1
11732,1943,PARG,0,1
11739,1944,PARG,0,1
11740,1944,PARG,0,1
11744,1944,NOVL,1,1
11759,1944,SENT,0,1
11762,1945,SENT,0,1
11763,1945,PARG,0,1
11765,1945,PARG,0,1
11777,1945,NOVL,1,1
11784,1945,NOVL,1,1
11794,1946,PARG,0,1
11795,1946,NOVL,1,1
11801,1946,PARG,0,1
11802,1946,NOVL,1,1
11803,1946,PARG,1,1
11806,1946,SENT,0,1
11816,1946,SENT,0,1
11822,1947,PARG,0,1
11833,1947,SENT,0,1
11842,1947,SENT,0,1
11846,1947,NOVL,0,0
11847,1947,NOVL,1,1
11857,1948,PARG,1,1
11861,1948,PARG,0,1
11867,1948,NOVL,1,1
11870,1948,NOVL,0,0
11873,1948,PARG,0,1
11883,1949,NOVL,0,1
11885,1949,SENT,0,1
11889,1949,NOVL,0,0
11907,1950,PARG,0,1
11921,1950,NOVL,1,0
11924,1950,NOVL,0,0
11931,1950,SENT,0,1
20003,1951,NOVL,1,1
20006,1951,NOVL,0,0
20008,1951,PARG,0,1
20015,1951,PARG,0,1
20021,1951,SENT,0,1
20022,1951,NOVL,1,1
20024,1951,PARG,0,1
20026,1951,SENT,0,1
20029,1951,PARG,0,1
20043,1952,PARG,0,1
20046,1952,SENT,0,1
20050,1952,SENT,0,1
20052,1952,PARG,0,1
20060,1952,SENT,0,1
20063,1952,NOVL,1,1
20066,1952,NOVL,0,1
20076,1952,SENT,0,1
20077,1952,NOVL,0,1
20078,1952,NOVL,0,1
20085,1953,PARG,0,1
20089,1953,NOVL,0,1
20091,1953,PARG,0,1
20101,1953,SENT,0,1
20102,1953,SENT,0,1
20103,1953,NOVL,0,0
20104,1953,NOVL,1,1
20115,1953,SENT,0,1
20120,1953,SENT,0,1
20123,1953,NOVL,0,0
20125,1953,PARG,0,1
20132,1954,PARG,0,1
20134,1954,SENT,0,1
20135,1954,NOVL,0,1
20143,1954,NOVL,0,1
20147,1954,NOVL,0,0
20155,1954,SENT,0,1
20156,1954,SENT,0,1
20158,1954,NOVL,0,1
20161,1954,PARG,0,1
20175,1955,PARG,0,1
20180,1955,NOVL,0,0
20186,1955,NOVL,0,0
20188,1955,NOVL,1,1
20194,1955,PARG,0,1
20195,1955,SENT,0,1
20198,1955,SENT,0,1
20199,1955,PARG,0,1
20203,1955,NOVL,0,0
20205,1955,SENT,0,1
20208,1955,SENT,0,1
20209,1955,PARG,0,1
20214,1956,NOVL,0,1
20219,1956,NOVL,0,1
20220,1956,PARG,0,1
20229,1956,NOVL,1,1
20231,1956,SENT,1,1
20242,1956,SENT,0,1
20243,1956,PARG,0,1
20247,1956,SENT,0,1
20252,1956,NOVL,0,0
20255,1956,PARG,0,0
20256,1956,SENT,0,1
20264,1957,SENT,0,1
20265,1957,NOVL,1,1
20268,1957,SENT,0,1
20273,1957,NOVL,0,1
20279,1957,PARG,0,1
20282,1957,PARG,0,1
20283,1957,PARG,0,1
20288,1957,SENT,0,1
20291,1957,NOVL,0,1
20292,1957,SENT,0,1
20298,1957,NOVL,1,1
20301,1957,PARG,0,1
20306,1958,SENT,1,1
20312,1958,PARG,0,1
20314,1958,SENT,0,1
20315,1958,PARG,0,1
20318,1958,SENT,0,1
20323,1958,NOVL,1,0
20325,1958,NOVL,1,0
20331,1958,SENT,0,1
20338,1958,NOVL,0,1
20339,1958,PARG,0,1
20344,1958,PARG,0,1
20349,1958,NOVL,0,1
20366,1959,SENT,0,1
20368,1959,SENT,0,1
20370,1959,SENT,0,1
20374,1959,SENT,0,1
20376,1959,NOVL,1,1
20385,1959,NOVL,0,0
20386,1959,PARG,0,1
20387,1959,PARG,0,1
20390,1959,PARG,1,1
20392,1959,NOVL,0,1
20394,1959,NOVL,1,1
20397,1960,PARG,0,1
20409,1960,NOVL,1,1
20413,1960,SENT,0,1
20414,1960,SENT,0,1
20419,1960,PARG,0,1
20425,1960,PARG,0,1
20426,1960,PARG,0,1
20428,1960,NOVL,0,0
20431,1960,SENT,0,1
20432,1960,NOVL,1,1
20434,1960,SENT,0,1
20438,1961,PARG,1,1
20443,1961,PARG,0,1
20444,1961,PARG,0,1
20448,1961,SENT,0,1
20457,1961,NOVL,0,1
20458,1961,SENT,0,1
20459,1961,SENT,0,1
20461,1961,NOVL,1,1
20475,1961,NOVL,1,1
20476,1961,SENT,0,1
20477,1961,PARG,0,1
20480,1962,SENT,0,1
20495,1962,PARG,0,1
20499,1962,NOVL,1,1
20503,1962,PARG,0,1
20506,1962,SENT,0,1
20507,1962,SENT,0,1
20514,1962,SENT,0,1
20515,1962,NOVL,1,1
20518,1962,PARG,0,1
20523,1962,PARG,0,0
20526,1962,NOVL,0,0
20535,1963,NOVL,0,0
20540,1963,PARG,0,0
20542,1963,SENT,0,1
20548,1963,SENT,0,1
20549,1963,PARG,0,1
20551,1963,NOVL,1,1
20552,1963,PARG,0,1
20553,1963,PARG,0,1
20555,1963,NOVL,1,1
20557,1963,SENT,0,1
20566,1963,NOVL,1,1
20569,1964,PARG,0,1
20576,1964,SENT,0,1
20579,1964,NOVL,0,0
20585,1964,PARG,0,1
20587,1964,NOVL,1,0
20596,1964,SENT,0,1
20597,1964,PARG,0,1
20600,1964,SENT,0,1
20607,1964,NOVL,0,0
20610,1964,PARG,0,1
20615,1964,NOVL,1,1
20629,1965,NOVL,0,0
20632,1965,SENT,0,1
20643,1965,SENT,0,1
20644,1965,SENT,0,1
20645,1965,PARG,0,1
20646,1965,NOVL,0,1
20648,1965,PARG,0,1
20657,1965,PARG,0,0
20662,1965,NOVL,1,1
20667,1965,SENT,0,1
20671,1966,SENT,0,1
20674,1966,PARG,0,1
20681,1966,PARG,1,1
20688,1966,SENT,0,1
20705,1966,SENT,0,1
20706,1966,NOVL,0,1
20707,1966,SENT,0,1
20709,1966,NOVL,1,1
20713,1966,PARG,0,0
20715,1966,NOVL,0,1
20718,1966,NOVL,0,1
20719,1966,PARG,0,1
20728,1967,NOVL,0,1
20735,1967,SENT,0,1
20741,1967,SENT,0,1
20742,1967,PARG,0,1
20745,1967,SENT,0,1
20747,1967,SENT,0,1
20762,1967,PARG,0,1
20763,1967,NOVL,1,1
20764,1967,PARG,0,1
20767,1967,NOVL,0,0
20771,1968,NOVL,0,0
20774,1968,PARG,0,1
20775,1968,PARG,0,1
20776,1968,SENT,0,1
20779,1968,PARG,0,1
20780,1968,SENT,0,1
20785,1968,NOVL,1,1
20787,1968,PARG,0,0
20788,1968,SENT,0,1
20794,1968,NOVL,0,1
20807,1968,NOVL,0,1
20812,1969,NOVL,0,1
20819,1969,SENT,0,1
20830,1969,PARG,0,1
20832,1969,NOVL,0,1
20833,1969,NOVL,1,1
20835,1969,SENT,0,1
20853,1969,PARG,0,1
20857,1969,SENT,0,1
20859,1969,NOVL,1,1
20861,1969,PARG,1,1
20870,1970,SENT,0,1
20878,1970,PARG,0,1
20887,1970,NOVL,1,1
20891,1970,PARG,0,1
20894,1970,SENT,0,1
20899,1970,NOVL,1,1
20906,1970,SENT,0,1
20907,1970,PARG,0,1
20911,1970,NOVL,0,1
20914,1970,NOVL,0,1
20927,1970,PARG,0,0
20928,1970,SENT,0,1
20934,1971,PARG,0,1
20952,1971,NOVL,1,1
20954,1971,SENT,0,1
20955,1971,PARG,1,1
20957,1971,SENT,0,1
20963,1971,NOVL,0,0
20969,1971,SENT,0,1
20978,1971,PARG,0,1
20979,1971,PARG,0,1
20986,1971,NOVL,1,1
20987,1971,NOVL,1,1
21000,1971,SENT,0,1
21004,1972,PARG,0,1
21030,1972,NOVL,1,1
21033,1972,SENT,0,1
21035,1972,PARG,0,1
21040,1972,SENT,0,1
21051,1972,NOVL,0,0
21054,1972,PARG,0,1
21059,1972,PARG,0,1
21067,1972,NOVL,1,1
21071,1972,NOVL,0,0
21082,1973,SENT,0,1
21085,1973,SENT,0,1
21086,1973,PARG,0,0
21089,1973,NOVL,1,1
21094,1973,PARG,0,1
21116,1973,PARG,1,1
21121,1973,NOVL,0,1
21126,1973,NOVL,0,1
21132,1973,SENT,0,1
21146,1973,NOVL,0,0
21149,1973,PARG,1,1
21152,1973,SENT,0,1
21158,1974,PARG,0,1
21159,1974,SENT,0,1
21170,1974,NOVL,0,1
21180,1974,PARG,1,1
21182,1974,SENT,0,1
21192,1974,PARG,0,1
21200,1974,NOVL,0,1
21210,1974,NOVL,0,1
21223,1974,NOVL,0,1
21224,1974,PARG,0,1
21232,1975,SENT,0,1
21239,1975,SENT,0,1
21241,1975,NOVL,0,0
21244,1975,NOVL,0,1
21247,1975,SENT,0,1
21251,1975,SENT,0,1
21269,1975,PARG,0,1
21271,1975,PARG,0,1
21285,1975,NOVL,0,1
21293,1975,NOVL,0,1
21295,1975,PARG,0,1
21299,1976,PARG,0,1
21306,1976,NOVL,0,0
21309,1976,SENT,0,1
21318,1976,SENT,0,1
21319,1976,PARG,0,1
21324,1976,SENT,0,1
21335,1976,PARG,0,1
21337,1976,NOVL,1,1
21344,1976,NOVL,1,1
21367,1976,SENT,0,1
21379,1976,NOVL,0,0
21386,1976,PARG,0,1
21393,1977,SENT,0,1
21402,1977,SENT,0,1
21409,1977,NOVL,0,0
21410,1977,PARG,0,1
21411,1977,NOVL,0,1
21415,1977,SENT,0,1
21429,1977,PARG,0,1
21433,1977,NOVL,0,0
21434,1977,PARG,0,1
21436,1977,NOVL,0,0
21465,1977,SENT,0,1
21482,1977,PARG,0,1
21495,1978,NOVL,0,0
21497,1978,PARG,0,1
21513,1978,NOVL,1,1
21522,1978,NOVL,1,1
21529,1978,SENT,0,1
21536,1978,SENT,0,1
21560,1978,SENT,0,1
21562,1978,PARG,0,1
21572,1978,PARG,0,1
21582,1978,NOVL,0,1
21587,1978,SENT,0,1
21597,1979,SENT,0,1
21608,1979,PARG,0,1
21609,1979,NOVL,0,0
21614,1979,PARG,0,1
21616,1979,NOVL,0,0
21634,1979,PARG,0,1
21637,1979,PARG,0,0
21652,1979,NOVL,0,1
21654,1979,NOVL,0,1
21671,1979,SENT,0,1
21672,1979,SENT,0,1
21685,1979,SENT,0,1
21698,1980,PARG,0,1
21705,1980,NOVL,0,1
21708,1980,NOVL,0,0
21717,1980,SENT,0,1
21729,1980,SENT,0,1
21751,1980,SENT,0,1
21764,1980,NOVL,0,0
21770,1980,PARG,0,1
21774,1980,SENT,0,1
21790,1980,PARG,0,1
21797,1980,PARG,0,1
21805,1980,NOVL,1,1
21806,1981,SENT,0,1
21810,1981,SENT,0,1
21821,1981,PARG,0,1
21823,1981,SENT,0,1
21829,1981,PARG,0,1
21851,1981,PARG,0,1
21856,1981,PARG,0,1
21864,1981,NOVL,0,1
21872,1981,NOVL,1,0
21880,1981,NOVL,0,1
21896,1981,NOVL,0,0
21919,1982,PARG,0,1
21929,1982,NOVL,0,0
21938,1982,PARG,0,1
21951,1982,SENT,0,1
21955,1982,NOVL,1,1
21965,1982,SENT,0,1
21974,1982,NOVL,1,1
21981,1982,NOVL,1,1
22001,1982,SENT,0,1
22007,1982,PARG,0,1
22031,1982,SENT,0,1
22069,1983,NOVL,0,1
22079,1983,SENT,0,1
22082,1983,NOVL,1,1
22086,1983,NOVL,0,0
22088,1983,SENT,0,1
22089,1983,PARG,0,1
22092,1983,SENT,0,1
22112,1983,NOVL,0,0
22117,1983,PARG,0,1
22125,1983,PARG,0,1
22132,1983,PARG,0,1
22138,1983,SENT,0,1
22152,1984,SENT,0,1
22159,1984,SENT,0,1
22161,1984,PARG,0,1
22202,1984,NOVL,1,1
22214,1984,PARG,0,0
22216,1984,SENT,0,1
22237,1984,PARG,0,1
22255,1984,NOVL,0,0
22269,1984,NOVL,0,1
22274,1984,PARG,0,1
22276,1984,NOVL,0,1
22283,1984,SENT,0,1
22322,1985,NOVL,1,1
22326,1985,PARG,0,1
22332,1985,NOVL,0,0
22346,1985,SENT,0,1
22362,1985,SENT,0,1
22367,1985,SENT,0,1
22386,1985,NOVL,0,1
22387,1985,PARG,0,1
22403,1985,NOVL,1,1
22427,1985,PARG,0,1
22429,1985,PARG,0,1
22447,1985,SENT,0,1
22456,1986,NOVL,1,1
22457,1986,PARG,0,1
22460,1986,NOVL,1,1
22468,1986,SENT,0,1
22482,1986,SENT,0,1
22484,1986,NOVL,0,1
22526,1986,PARG,0,1
22537,1986,SENT,0,1
22574,1986,PARG,0,1
22589,1986,PARG,0,1
22604,1986,SENT,0,1
22630,1987,NOVL,0,0
22657,1987,NOVL,0,1
22662,1987,SENT,0,1
22666,1987,NOVL,0,0
22684,1987,PARG,0,0
22688,1987,NOVL,0,1
22701,1987,SENT,0,1
22723,1987,PARG,0,1
22736,1987,SENT,0,1
22756,1987,PARG,0,1
22757,1987,PARG,0,1
22775,1987,SENT,0,1
22812,1988,NOVL,0,0
22835,1988,SENT,0,1
22859,1988,PARG,0,1
22872,1988,SENT,0,1
22883,1988,SENT,0,1
22914,1988,PARG,0,1
22960,1988,NOVL,1,1
22967,1988,SENT,0,1
22973,1988,PARG,0,1
22978,1988,PARG,0,1
22993,1988,NOVL,0,0
23011,1988,NOVL,0,0
23046,1989,PARG,0,1
23075,1989,NOVL,0,1
23094,1989,PARG,0,1
23129,1989,NOVL,0,0
23157,1989,PARG,0,1
23172,1989,SENT,0,1
23184,1989,NOVL,1,1
23194,1989,NOVL,1,1
23198,1989,PARG,0,1
23207,1989,SENT,0,1
23233,1989,SENT,0,1
23247,1990,PARG,0,1
23274,1990,SENT,0,1
23283,1990,SENT,0,1
23296,1990,PARG,0,1
23302,1990,NOVL,1,1
23317,1990,PARG,0,1
23360,1990,NOVL,0,1
23374,1990,NOVL,0,0
23381,1990,SENT,0,1
23401,1990,PARG,0,1
23431,1990,NOVL,0,1
23443,1990,SENT,0,1
23464,1951,SENT,0,1
23466,1951,NOVL,1,0
23467,1951,SENT,0,1
23470,1952,PARG,0,0
23471,1952,PARG,0,1
23475,1953,PARG,0,1
23476,1954,PARG,0,1
23478,1954,PARG,1,1
23479,1954,SENT,0,1
23486,1956,PARG,0,1
23497,1959,PARG,0,1
23501,1960,NOVL,1,1
23504,1961,NOVL,0,0
23505,1962,NOVL,0,0
23511,1963,SENT,0,1
23514,1964,SENT,0,1
23516,1965,PARG,0,0
23517,1965,NOVL,0,1
23525,1967,PARG,0,1
23526,1967,NOVL,0,1
23528,1968,SENT,0,1
23531,1969,PARG,0,1
23532,1969,SENT,0,1
23544,1972,SENT,0,1
23546,1972,SENT,0,1
23550,1974,SENT,0,1
23552,1974,SENT,0,1
23556,1975,PARG,0,1
23566,1978,PARG,0,1
23579,1981,SENT,0,1
23582,1982,PARG,0,1
23598,1986,NOVL,0,1
23610,1989,SENT,0,1
23634,1991,SENT,0,1
23660,1991,PARG,0,1
23662,1991,NOVL,0,1
23694,1991,NOVL,0,0
23712,1991,PARG,0,1
23722,1991,PARG,0,1
23731,1991,NOVL,1,1
23740,1991,SENT,0,1
23757,1992,NOVL,0,1
23762,1992,NOVL,1,1
23787,1992,NOVL,0,0
23795,1992,PARG,0,1
23800,1992,PARG,0,1
23811,1992,PARG,0,1
23816,1992,PARG,0,1
23819,1992,SENT,0,1
23862,1992,SENT,0,1
23869,1992,SENT,0,1
23870,1992,NOVL,0,1
23877,1993,SENT,0,1
23894,1993,SENT,0,1
23921,1993,PARG,0,1
23943,1993,NOVL,0,0
23951,1993,SENT,0,1
23955,1993,PARG,0,1
24017,1994,SENT,0,1
24025,1994,SENT,0,1
24043,1994,SENT,0,1
24082,1994,PARG,0,1
24084,1994,SENT,0,1
24086,1994,PARG,0,1
24091,1994,NOVL,1,1
24115,1994,PARG,0,1
24138,1995,PARG,1,1
24146,1995,SENT,0,1
24158,1995,NOVL,0,0
24161,1995,PARG,0,1
24198,1995,NOVL,1,1
24202,1995,SENT,0,1
24211,1995,PARG,0,1
24217,1995,NOVL,0,0
24234,1995,NOVL,1,1
24236,1995,SENT,0,1
24272,1996,PARG,0,1
24321,1996,NOVL,0,1
24326,1996,PARG,0,1
24367,1996,NOVL,0,0
24374,1996,PARG,0,1
24392,1996,SENT,0,1
24423,1996,NOVL,0,1
24437,1997,NOVL,0,1
24445,1997,PARG,0,1
24500,1997,NOVL,1,1
24513,1997,NOVL,0,1
24523,1997,SENT,0,1
24525,1997,SENT,0,1
24549,1997,PARG,0,1
24586,1997,SENT,0,1
24594,1997,SENT,0,1
24625,1998,NOVL,0,1
24643,1998,SENT,0,1
24657,1998,SENT,0,1
24667,1998,NOVL,0,1
24722,1998,PARG,0,1
24755,1998,PARG,0,1
24765,1998,SENT,0,1
24834,1999,PARG,0,1
24849,1999,PARG,0,1
24855,1999,SENT,0,1
24882,1999,SENT,0,1
24892,1999,NOVL,0,1
24893,1999,NOVL,0,0
24905,1999,NOVL,0,1
24917,1999,SENT,0,1
24923,1999,PARG,0,1
25012,2000,PARG,0,1
25051,2000,SENT,0,1
25067,2000,SENT,0,1
25073,2000,PARG,1,1
25081,2000,PARG,0,1
25082,2000,NOVL,0,1
25138,2000,SENT,0,1
25150,2000,NOVL,0,1
25155,2000,SENT,0,1
25172,2000,NOVL,0,1
25225,1991,SENT,0,1
25265,1991,PARG,0,1
25279,1991,SENT,0,1
25283,1991,NOVL,0,1
25288,1992,SENT,0,1
25382,1993,NOVL,0,1
25388,1993,SENT,0,1
25389,1993,PARG,0,1
25391,1993,PARG,0,1
25397,1993,NOVL,0,1
25412,1993,NOVL,0,1
25445,1994,NOVL,0,0
25497,1994,NOVL,1,1
25520,1994,NOVL,0,1
25529,1994,PARG,1,1
25540,1995,PARG,0,1
25583,1995,SENT,0,1
25637,1996,SENT,0,1
25657,1996,SENT,0,1
25694,1996,NOVL,0,0
25701,1996,PARG,0,1
25713,1996,SENT,0,1
25756,1997,PARG,0,1
25788,1997,PARG,0,1
25802,1997,NOVL,0,0
25848,1998,PARG,0,1
25905,1998,NOVL,1,1
25912,1998,SENT,0,1
25936,1998,PARG,0,1
25963,1998,NOVL,0,1
26022,1999,PARG,0,1
26053,1999,SENT,0,1
26060,1999,NOVL,0,0
26103,2000,NOVL,1,1
26212,2000,PARG,0,1
